0.006790,0.003873,0.007090,0.004186,-0.001381,-0.002962,0.002469,0.007005,-0.004053,-0.008342,0.008274,0.018051,-0.002461,-0.004207,0.003566,0.005030,0.293826,0.033506,0.316164,0.061161,-0.129986,-0.161249,0.269014,0.315102,0.129082,-0.127694,0.218745,0.257109,0.013680,-0.010372,0.016046,0.026155,0.190968,-0.004338,0.206089,0.037041,-0.078762,0.157477,0.177063,0.260960,0.088335,0.140997,0.132620,0.218122,0.006101,0.017626,0.007875,0.029493,0.002713,-0.004640,0.004998,0.006884,0.000864,-0.008454,0.002038,0.012170,-0.000377,-0.006260,0.001348,0.009258,0.000001,-0.001212,0.000276,0.002131
-0.000000,-0.000000,-0.000000,-0.000000,0.000000,-0.000000,0.000000,0.000000,0.000000,0.000000,0.000000,0.000000,-0.000000,0.000000,0.000000,-0.000000,0.000000,-0.000000,0.000000,-0.000000,-0.000000,-0.000000,0.000000,0.000000,-0.000000,-0.000000,0.000000,0.000000,-0.000000,-0.000000,0.000000,0.000000,-0.000000,0.000000,-0.000000,0.000000,0.000000,-0.000000,0.000000,-0.000000,0.000000,-0.000000,-0.000000,0.000000,0.000000,0.000000,0.000000,0.000000,0.000000,0.000000,-0.000000,0.000000,-0.000000,0.000000,-0.000000,0.000000,-0.000000,0.000000,-0.000000,-0.000000,-0.000000,-0.000000,-0.000000,-0.000000
0.000485,0.000600,0.000702,0.000721,-0.011811,-0.035081,0.015410,0.042951,0.008813,-0.052037,0.021903,0.055376,-0.000297,0.000508,0.004092,0.003439,0.000285,0.000186,0.007018,0.001970,-0.334947,-0.111999,0.350692,0.283345,0.271652,-0.129680,0.412543,0.346646,0.033681,-0.002360,0.042897,0.014732,0.003962,-0.001256,0.006492,0.002479,-0.139026,0.174382,0.158924,0.187969,0.114028,0.214569,0.174995,0.235246,0.013791,0.006143,0.015956,0.008868,0.000341,0.000016,0.000460,0.000397,-0.000324,0.001364,0.000707,0.002978,-0.001390,-0.003827,0.002197,0.007928,-0.001032,-0.001773,0.001163,0.002139
-0.004156,-0.020317,0.004169,0.020325,-0.030823,-0.100335,0.030892,0.100525,-0.036031,-0.180035,0.045524,0.182324,-0.006168,-0.110882,0.040370,0.120527,-0.076675,-0.056128,0.096878,0.173452,-0.136573,-0.089177,0.142899,0.404616,-0.016649,0.011576,0.078241,0.369470,0.063873,0.058252,0.089634,0.217644,-0.017149,0.084593,0.041475,0.116809,-0.024596,0.245765,0.038701,0.263734,0.019215,0.265339,0.030566,0.266665,0.020571,0.130716,0.024720,0.132355,0.000244,0.001246,0.000320,0.001502,-0.000020,0.001395,0.000175,0.001872,0.000013,0.000822,0.000185,0.001633,-0.000011,0.000152,0.000090,0.000760
-0.143042,-0.011956,0.160687,0.048529,-0.051928,-0.029279,0.053923,0.035882,0.104577,-0.046491,0.105195,0.055815,0.129242,-0.017027,0.135780,0.035067,-0.191356,0.116912,0.202597,0.123789,-0.150379,0.252725,0.158923,0.253568,0.223317,0.266530,0.231672,0.268859,0.154690,0.071284,0.157101,0.075111,-0.025105,0.030764,0.030228,0.034642,-0.067681,0.247099,0.080913,0.249551,0.078318,0.223179,0.093666,0.226058,0.020484,0.019212,0.021418,0.022111,0.001297,-0.002107,0.001392,0.002695,0.000466,-0.003241,0.001910,0.005620,-0.002390,-0.002079,0.003498,0.005649,-0.000481,-0.002134,0.002373,0.002755
-0.000007,-0.000171,0.000224,0.000343,0.000001,-0.001019,0.000728,0.001169,-0.010392,0.002331,0.012441,0.006205,-0.078721,0.022951,0.078840,0.037974,-0.003009,-0.001176,0.003720,0.010863,-0.006572,-0.010388,0.014307,0.040539,-0.062394,-0.007478,0.082366,0.047486,-0.304213,-0.000282,0.304681,0.064761,-0.000483,-0.001174,0.003408,0.009383,-0.003275,-0.003633,0.015137,0.046452,-0.118573,-0.079517,0.130562,0.107195,-0.388304,-0.124484,0.388817,0.129538,0.003361,-0.017096,0.006600,0.017336,0.001369,-0.053318,0.016523,0.053571,-0.092017,-0.133720,0.094135,0.133888,-0.235827,-0.218242,0.236047,0.218341
-0.012969,0.001528,0.014369,0.002970,-0.244691,0.002244,0.245460,0.061014,-0.004215,-0.031265,0.054532,0.037319,0.138708,-0.026238,0.140429,0.034792,-0.006478,0.000773,0.008087,0.001607,-0.387718,0.103755,0.390591,0.109828,-0.019467,0.186483,0.113315,0.192652,0.195684,0.103342,0.195715,0.142479,-0.000411,0.001263,0.001837,0.001870,-0.110697,0.138489,0.120602,0.140738,0.021193,0.295770,0.070545,0.298457,0.044097,0.108848,0.044374,0.111789,-0.000452,-0.000198,0.000634,0.000434,0.000458,-0.003059,0.002141,0.007234,-0.000595,-0.007340,0.001606,0.011591,-0.000665,-0.004662,0.000821,0.005078
-0.003746,-0.002508,0.004364,0.004019,0.000805,-0.004051,0.004274,0.011100,-0.029255,-0.004986,0.069432,0.016250,-0.253222,-0.032340,0.254967,0.036586,-0.008042,0.014467,0.008079,0.016679,0.002769,0.016793,0.012510,0.022355,-0.104455,-0.012903,0.167675,0.030958,-0.544093,-0.079662,0.544799,0.081153,-0.003022,0.014496,0.003266,0.016208,-0.001160,0.031833,0.008023,0.034825,-0.059663,-0.001459,0.077135,0.025852,-0.283233,-0.059535,0.283304,0.059791,0.000425,-0.002840,0.000438,0.002897,0.000632,-0.004648,0.000752,0.005134,-0.002084,-0.001651,0.003219,0.002539,-0.009065,-0.003165,0.010559,0.004998
0.004957,-0.011221,0.007061,0.025523,0.001348,-0.008665,0.002473,0.013714,0.000202,-0.002175,0.000641,0.003097,-0.000684,0.000124,0.001001,0.001243,-0.021042,-0.069619,0.084348,0.307633,0.037126,-0.191870,0.087604,0.515478,0.080720,-0.169727,0.088982,0.371238,0.021677,-0.050385,0.043420,0.103773,-0.018629,0.112582,0.032969,0.158134,-0.008214,0.215816,0.036202,0.323934,0.036027,0.161071,0.048253,0.287272,0.010298,0.038324,0.034542,0.103449,0.000415,0.000163,0.000498,0.000886,0.000020,0.001260,0.000195,0.001272,-0.000046,0.001450,0.000160,0.001633,-0.003471,-0.004143,0.003574,0.005896
-0.043894,-0.018839,0.047151,0.020827,-0.124787,-0.192828,0.139755,0.195211,0.148161,-0.181426,0.161196,0.183122,0.030357,-0.014550,0.034171,0.016486,-0.117612,0.019445,0.122972,0.040589,-0.256903,0.162868,0.270653,0.232141,0.319056,0.156951,0.333914,0.235168,0.081499,0.014885,0.086149,0.030375,-0.014738,0.010626,0.018937,0.012756,-0.077477,0.212937,0.092889,0.213292,0.084373,0.187778,0.099828,0.188560,0.010583,0.008652,0.015427,0.011432,0.000221,-0.000458,0.000281,0.000478,-0.000008,0.000816,0.000391,0.001532,-0.000293,0.000463,0.000702,0.001663,-0.000018,-0.000184,0.000648,0.000455
-0.062653,-0.006266,0.063420,0.018029,-0.050835,-0.035658,0.054198,0.037717,0.031817,-0.029647,0.038104,0.032141,0.068681,0.006274,0.069586,0.024756,-0.095839,0.053314,0.096344,0.058020,-0.114159,0.129226,0.122724,0.150149,0.115244,0.144721,0.125706,0.159478,0.086471,0.059223,0.094772,0.065837,0.037759,-0.085059,0.064145,0.116403,0.012158,0.004954,0.103930,0.270402,0.046873,0.127609,0.055619,0.140285,0.010470,0.015938,0.013122,0.016749,0.166720,-0.360970,0.166720,0.360970,0.103572,-0.304042,0.103705,0.304704,0.001742,-0.010561,0.001862,0.011438,-0.000000,0.000019,0.000009,0.000023
0.004973,-0.000360,0.021908,0.010342,-0.005633,-0.004277,0.017283,0.022491,0.005369,-0.012161,0.009159,0.015511,0.005240,-0.000973,0.005418,0.003211,0.298332,-0.104931,0.312974,0.117949,0.040720,-0.022763,0.113275,0.071937,0.031194,0.010983,0.042078,0.049697,0.014715,0.009690,0.015231,0.014969,0.525968,-0.235302,0.527498,0.238121,0.076008,-0.009255,0.100734,0.068446,0.012384,0.032353,0.017794,0.037177,0.002760,0.003451,0.003365,0.005249,0.043149,-0.029510,0.043240,0.029637,0.003188,-0.002426,0.003320,0.002887,-0.000770,-0.002319,0.000986,0.002764,-0.000662,-0.001899,0.000727,0.001924
0.000941,-0.001206,0.001505,0.001760,-0.003592,-0.006718,0.005948,0.006729,-0.082522,-0.113450,0.084444,0.113566,-0.047728,-0.132522,0.084084,0.134809,-0.008827,-0.008775,0.012586,0.016288,-0.188303,-0.139033,0.195027,0.234346,-0.194391,-0.108306,0.227748,0.442715,0.018071,0.085821,0.085204,0.238335,0.008753,-0.005912,0.042064,0.045566,-0.078140,0.129325,0.104246,0.226586,0.004293,0.286728,0.050500,0.320485,0.021260,0.166325,0.023203,0.167326,0.011934,-0.004650,0.013778,0.015329,0.001438,0.003401,0.002005,0.005195,-0.000024,0.002737,0.000485,0.002737,-0.000402,0.000756,0.000517,0.000756
0.304615,0.346677,0.305082,0.346782,0.265508,0.361564,0.278383,0.387620,0.021368,0.010578,0.037591,0.057034,-0.013179,0.011959,0.016739,0.017496,0.048726,0.055010,0.057780,0.055550,-0.007876,0.066844,0.117166,0.113366,0.056815,0.001346,0.080427,0.067095,0.007186,0.005469,0.015319,0.011416,0.002080,0.002736,0.004597,0.003551,-0.021850,0.037909,0.026291,0.040167,0.018630,0.043315,0.027203,0.044564,0.002887,0.004474,0.003259,0.004766,0.000452,0.000227,0.000559,0.000397,-0.000001,0.000410,0.000159,0.000423,0.000050,0.000412,0.000107,0.000416,-0.000004,0.000033,0.000017,0.000034
-0.007110,-0.001232,0.020221,0.007228,-0.075182,-0.001976,0.078596,0.026248,-0.004437,-0.021431,0.013495,0.023311,0.019567,-0.009865,0.021378,0.011722,0.010304,0.007665,0.035782,0.012731,-0.134501,0.049771,0.144096,0.058222,-0.006060,0.079278,0.042665,0.092509,0.041192,0.065672,0.042569,0.075520,0.014735,0.006741,0.019149,0.017185,-0.038957,0.047611,0.050973,0.097287,-0.008105,0.010588,0.047541,0.239181,-0.007074,-0.053114,0.034311,0.159852,0.002399,-0.013757,0.010591,0.021989,-0.004923,-0.099744,0.011602,0.103267,-0.064876,-0.448885,0.070272,0.449984,-0.061400,-0.344763,0.064372,0.344832
0.006719,0.018394,0.009337,0.020240,0.066671,0.404683,0.074644,0.408735,0.000187,0.166835,0.020888,0.171733,0.000292,0.002258,0.002167,0.005481,-0.000653,-0.001102,0.011655,0.008411,-0.146320,-0.083315,0.245166,0.331453,0.130164,-0.089667,0.211105,0.238609,-0.009419,-0.007018,0.021603,0.025986,0.004960,0.000322,0.011024,0.005334,-0.104383,0.138102,0.163358,0.214586,0.087542,0.115791,0.141830,0.171132,-0.007326,0.009329,0.014881,0.015887,0.000235,-0.000064,0.000237,0.000077,-0.000155,0.001336,0.000316,0.001348,0.000124,0.001155,0.000255,0.001165,-0.000222,0.000022,0.000245,0.000143
-0.021134,-0.014560,0.025261,0.014595,0.016429,-0.032879,0.016675,0.035764,0.174882,-0.012116,0.174902,0.060750,0.010970,-0.022372,0.011044,0.024887,-0.060022,0.204731,0.060022,0.207988,0.029180,0.219418,0.087465,0.219528,0.231311,0.101835,0.241153,0.102786,0.000349,0.008083,0.002608,0.011237,-0.033047,0.185446,0.033785,0.191567,-0.022796,0.375349,0.072845,0.381427,0.025376,0.257480,0.081425,0.259814,-0.021060,0.134647,0.021130,0.135280,0.001643,-0.013529,0.001721,0.014044,0.001706,-0.015619,0.002367,0.021034,-0.000006,-0.003225,0.002161,0.016560,-0.001504,0.006108,0.002572,0.015535
0.403534,0.042482,0.408454,0.078061,0.071350,0.011235,0.084531,0.029918,0.008504,0.000720,0.009846,0.006899,0.000611,-0.000036,0.000654,0.000428,0.454216,0.013634,0.464846,0.075571,0.085295,0.004087,0.109467,0.030938,0.015929,0.004449,0.019602,0.012974,0.000580,0.001073,0.001220,0.004489,0.155752,-0.029841,0.158293,0.044156,0.037037,0.004628,0.046498,0.031286,0.004368,0.007783,0.008414,0.018151,-0.001501,-0.002612,0.002336,0.011008,0.055964,-0.045521,0.056230,0.045643,0.020536,-0.025961,0.020779,0.026112,0.000152,-0.010248,0.002829,0.010478,-0.002410,-0.012168,0.002664,0.012223
0.000157,0.003386,0.000660,0.003844,0.000040,0.012227,0.005916,0.029540,0.000050,0.004625,0.008724,0.025756,-0.032394,0.005017,0.036397,0.014841,-0.004933,-0.008505,0.005390,0.013478,-0.060452,-0.038307,0.065252,0.097065,-0.025995,-0.051032,0.112707,0.156151,-0.605046,0.040980,0.626889,0.094624,-0.000970,0.006507,0.003166,0.015287,-0.028365,0.049377,0.036939,0.073007,0.002448,0.072703,0.047627,0.100742,-0.178015,0.019519,0.187638,0.036127,-0.000334,-0.002339,0.000856,0.003124,0.000613,-0.003745,0.001588,0.005077,-0.000093,-0.004821,0.000623,0.005579,-0.009055,-0.003801,0.009313,0.004856
0.000741,0.024054,0.006443,0.029296,0.017153,0.436480,0.078419,0.473414,-0.000741,0.420357,0.079709,0.456344,0.006512,0.019527,0.013168,0.028636,-0.009310,0.003809,0.009777,0.007516,-0.075123,0.036676,0.099714,0.118759,0.064580,0.034251,0.101058,0.126623,0.010225,-0.000658,0.024425,0.018936,-0.002228,0.005034,0.003315,0.005382,-0.031536,0.057792,0.041937,0.065170,0.024580,0.058727,0.040258,0.068656,-0.004818,0.006277,0.014744,0.011923,0.000117,0.000030,0.000120,0.000086,-0.000094,0.000465,0.000182,0.000478,0.000010,0.000372,0.000209,0.000413,-0.000272,-0.000063,0.000295,0.000107
-0.005290,-0.002834,0.011288,0.008792,-0.015421,-0.133107,0.053174,0.140867,0.023966,-0.052464,0.033243,0.067465,-0.000545,0.000718,0.001541,0.001421,-0.108113,-0.006721,0.109879,0.037380,-0.199704,-0.090756,0.389366,0.407381,0.332288,-0.041910,0.343780,0.208694,0.006123,-0.000136,0.008389,0.002033,-0.032556,0.016350,0.034408,0.021848,-0.069901,0.284146,0.146904,0.294542,0.112055,0.126948,0.124221,0.130567,0.000279,-0.000154,0.003505,0.001529,0.001470,-0.003592,0.001543,0.003927,0.001449,-0.004975,0.002137,0.009574,0.000164,0.000374,0.000783,0.002285,-0.000523,-0.000879,0.000678,0.000979
0.000393,-0.004507,0.002128,0.004710,-0.000128,-0.007530,0.004467,0.009689,-0.002362,0.005634,0.007368,0.011945,-0.000982,0.001866,0.003255,0.002984,-0.008319,0.000389,0.010620,0.016811,-0.019989,-0.030643,0.057846,0.078467,-0.007481,-0.036229,0.091197,0.065288,-0.045215,-0.014100,0.048201,0.014864,-0.002778,0.004516,0.005745,0.011017,-0.015061,0.040746,0.034206,0.062393,-0.149405,-0.051979,0.192927,0.108862,-0.587904,-0.247081,0.588418,0.247356,0.002809,-0.004900,0.003160,0.005248,0.001459,-0.004866,0.003009,0.005898,-0.010008,-0.006070,0.010213,0.006756,-0.098260,-0.055654,0.098281,0.055753
0.001171,0.001089,0.001601,0.001114,0.000721,0.002769,0.002208,0.005322,-0.001120,0.004153,0.002588,0.006266,-0.000956,0.000799,0.001164,0.001302,0.002817,0.000690,0.005753,0.002642,-0.209550,-0.211885,0.362149,0.372242,0.189526,-0.156959,0.310880,0.279276,-0.000478,0.000700,0.007021,0.003418,0.001003,0.000065,0.004044,0.002553,-0.156020,0.190779,0.269880,0.318604,0.140851,0.141718,0.230390,0.240345,0.000689,0.000241,0.004578,0.002393,0.000252,-0.000190,0.000366,0.000480,-0.000172,0.000242,0.001314,0.005340,-0.002445,-0.006815,0.003687,0.011005,-0.000655,-0.001057,0.000713,0.001314
0.002258,-0.135013,0.032265,0.135567,0.020024,-0.197096,0.035244,0.197125,0.038684,-0.075863,0.044170,0.079003,0.001539,-0.001673,0.004934,0.003283,-0.060005,0.059341,0.088210,0.294727,0.060025,-0.032602,0.125438,0.414438,0.313181,-0.007992,0.319373,0.176954,0.006975,0.001554,0.013211,0.005033,-0.030229,0.155442,0.030579,0.155938,-0.010442,0.318926,0.073942,0.319631,0.101408,0.115000,0.110503,0.115280,0.000568,0.000488,0.002677,0.000945,-0.000032,0.000180,0.000034,0.000191,-0.000181,0.002049,0.000322,0.002064,0.000217,0.001167,0.000314,0.001170,-0.000019,0.000006,0.000026,0.000023
0.000093,-0.000228,0.000675,0.000547,-0.001880,-0.007169,0.003780,0.007242,0.000252,-0.019936,0.005489,0.019951,0.000584,-0.006924,0.001686,0.006954,0.009140,-0.000646,0.015174,0.006050,-0.187991,-0.115336,0.200150,0.214472,-0.034249,-0.237616,0.152277,0.550075,0.096456,-0.085055,0.112190,0.250304,0.018687,-0.005201,0.026579,0.014779,-0.102579,0.113503,0.121686,0.186150,0.007575,0.277252,0.068502,0.369992,0.040258,0.102723,0.051514,0.147063,0.005393,-0.002791,0.005883,0.005118,0.000479,0.001838,0.000977,0.002471,0.000033,0.002086,0.000340,0.002086,-0.001220,0.000614,0.001311,0.001126
-0.139372,-0.018215,0.141811,0.047751,-0.027847,-0.019387,0.027853,0.022200,0.000021,-0.004490,0.001442,0.004688,0.058731,0.013949,0.059500,0.033325,-0.194303,0.146305,0.217402,0.167064,-0.093219,0.247251,0.099773,0.248821,0.071529,0.260507,0.077134,0.260508,0.165696,0.220649,0.166655,0.221471,-0.027623,0.052653,0.050798,0.067739,-0.048268,0.269505,0.066917,0.272530,0.056032,0.270218,0.064386,0.271835,0.032169,0.067980,0.035128,0.072520,0.001748,-0.003282,0.005225,0.006293,0.004424,-0.001574,0.005331,0.007210,0.000199,-0.001733,0.002018,0.004681,-0.001904,-0.004397,0.002092,0.004825
0.004104,0.044735,0.007821,0.045132,-0.001619,0.050982,0.010496,0.060777,-0.099257,0.146854,0.109293,0.158066,-0.422922,0.420324,0.424893,0.421832,0.002487,0.009517,0.006300,0.012919,-0.020464,0.004268,0.026892,0.040368,-0.043926,0.052732,0.079785,0.087487,-0.149807,0.110000,0.160401,0.119404,-0.000239,0.001578,0.001666,0.002724,-0.007276,0.015475,0.009788,0.022007,-0.000788,0.018141,0.015386,0.024584,-0.024917,0.005455,0.029259,0.014646,0.000009,0.000039,0.000263,0.000161,0.000036,0.000119,0.000184,0.000138,-0.002300,-0.000134,0.002501,0.000668,-0.008960,-0.001927,0.009402,0.003331
0.031100,-0.076079,0.044961,0.090199,0.016541,-0.044116,0.021535,0.044704,-0.002075,-0.005503,0.004832,0.005771,-0.000901,-0.001114,0.004146,0.004445,0.001585,-0.004417,0.133349,0.380313,0.167529,-0.157961,0.213761,0.548456,0.124342,-0.092675,0.137644,0.200315,0.001974,-0.001410,0.016332,0.014601,-0.011916,0.146918,0.035231,0.166696,0.007713,0.244145,0.054018,0.317155,0.065079,0.090606,0.080603,0.172878,-0.006392,-0.000857,0.022646,0.018881,0.000230,0.000201,0.000336,0.000386,-0.000105,0.001087,0.000131,0.001088,-0.001498,0.000945,0.001922,0.003170,-0.005087,-0.002808,0.006519,0.006262
0.000876,0.003307,0.019913,0.009889,-0.011944,-0.021110,0.020645,0.023430,0.007503,-0.018550,0.015976,0.018789,0.010243,-0.000550,0.010654,0.004687,-0.005611,-0.002722,0.034068,0.025621,-0.041412,0.017237,0.055809,0.058802,0.041591,0.023107,0.051527,0.059972,0.020171,0.011189,0.021419,0.019624,0.193410,-0.245885,0.198263,0.250713,0.099093,-0.121593,0.131302,0.202932,0.013766,0.034734,0.024958,0.054255,-0.002088,0.001732,0.010665,0.013606,0.302475,-0.427677,0.302475,0.427678,0.076970,-0.136507,0.076980,0.136669,0.002072,-0.006293,0.003263,0.006734,-0.005698,-0.006238,0.006988,0.006952
-0.003847,0.000059,0.004199,0.002121,-0.080002,-0.104476,0.094276,0.115793,0.041728,-0.201106,0.105724,0.205549,0.026956,-0.020456,0.038567,0.027461,-0.003747,-0.000169,0.005393,0.001755,-0.371722,0.020444,0.378037,0.160929,0.155017,0.031610,0.312219,0.304370,0.144789,-0.003284,0.156491,0.075265,0.000111,0.001186,0.001329,0.001718,-0.111622,0.139196,0.121144,0.141160,0.048367,0.283774,0.099618,0.288001,0.037492,0.041172,0.044982,0.053416,0.000023,0.000078,0.000028,0.000090,-0.000218,0.001286,0.000322,0.001568,-0.000045,0.001094,0.000462,0.002611,-0.000970,-0.000402,0.001369,0.001528
-0.057444,-0.006510,0.075139,0.017181,-0.198721,-0.070895,0.200102,0.074316,0.014596,-0.015812,0.048961,0.031514,0.149196,0.023500,0.153210,0.045716,-0.098681,0.020547,0.099206,0.026625,-0.300175,0.188537,0.307853,0.208674,0.191913,0.268656,0.220396,0.269825,0.148532,0.100739,0.168778,0.108099,-0.014165,0.004646,0.015601,0.010105,-0.082608,0.197393,0.103062,0.200024,0.077942,0.223214,0.099864,0.223232,0.015166,0.020555,0.022691,0.024003,-0.000294,-0.000133,0.004111,0.002894,0.003027,0.001907,0.004521,0.003290,0.000585,0.000941,0.000646,0.000968,-0.000069,-0.000017,0.000082,0.000092
0.006844,-0.100921,0.043762,0.128101,0.042868,-0.187086,0.053604,0.198884,0.043332,-0.112710,0.043857,0.113663,0.005914,-0.019544,0.006319,0.019655,-0.068972,0.110236,0.089027,0.247522,0.000649,0.092708,0.079127,0.382679,0.150912,-0.023397,0.172789,0.410411,0.057213,-0.035539,0.109515,0.156478,-0.019964,0.094573,0.021280,0.096184,-0.022989,0.221005,0.031085,0.221734,0.024756,0.207235,0.048290,0.220249,0.002892,0.061443,0.042883,0.091727,0.000446,-0.000985,0.000464,0.001170,0.000040,0.000087,0.000160,0.001101,-0.000098,-0.001241,0.000208,0.002847,-0.000391,-0.000850,0.001326,0.004359
-0.008488,-0.002130,0.015552,0.005583,-0.002959,-0.009536,0.008891,0.010271,0.018161,-0.003749,0.018981,0.008058,0.003012,0.000743,0.012902,0.002844,-0.015300,0.015494,0.024874,0.021515,-0.007974,0.024823,0.023499,0.035690,0.037604,0.020521,0.040574,0.027520,0.003925,0.007330,0.019532,0.010821,0.036038,-0.119939,0.044353,0.142940,0.045531,-0.148288,0.060079,0.220764,0.015617,-0.005902,0.021385,0.055828,-0.005332,-0.002144,0.009765,0.009031,0.107790,-0.381722,0.107890,0.381723,0.100704,-0.474797,0.102270,0.474890,0.005188,-0.082592,0.013600,0.082809,-0.006675,-0.018054,0.009868,0.018231
0.115768,0.030067,0.121597,0.039779,0.004664,-0.008918,0.014180,0.030047,0.003800,-0.003845,0.007972,0.017671,0.002015,0.000221,0.003302,0.004587,0.592393,0.118575,0.624325,0.145113,0.057458,-0.009925,0.144950,0.132025,0.057059,-0.018033,0.069630,0.068300,0.004734,-0.001176,0.005665,0.011238,0.108908,0.020122,0.123080,0.029526,0.002563,0.069670,0.053581,0.089266,0.025367,0.038105,0.032791,0.051212,0.000818,0.005391,0.001725,0.009505,-0.000222,-0.000885,0.003793,0.003179,0.001013,-0.004345,0.001301,0.005291,0.000076,-0.000228,0.000156,0.000940,-0.000049,0.000179,0.000083,0.000240
-0.014624,-0.002410,0.017661,0.007992,-0.004412,-0.011555,0.013214,0.012701,0.016970,-0.010355,0.024062,0.014057,-0.008581,0.007617,0.029828,0.011373,-0.020548,0.014487,0.027024,0.022907,-0.026063,0.025702,0.043354,0.055646,0.046055,0.020697,0.059660,0.051126,0.003187,0.009319,0.028640,0.012581,0.005007,0.004477,0.013299,0.012922,-0.018599,0.011616,0.027148,0.075679,-0.078064,-0.204080,0.111000,0.267156,-0.037900,-0.071067,0.042458,0.075393,-0.001893,-0.006844,0.002969,0.007126,-0.010654,-0.048359,0.010897,0.048682,-0.168178,-0.491375,0.168245,0.491479,-0.131297,-0.272119,0.131388,0.272166
-0.009286,-0.004111,0.009359,0.007682,-0.154973,-0.100982,0.160161,0.128705,-0.033229,-0.208619,0.061624,0.212405,0.003723,-0.123470,0.035335,0.123856,-0.005689,-0.000080,0.005877,0.003719,-0.374334,0.077546,0.377673,0.123678,-0.044184,0.158288,0.100444,0.221213,0.043089,0.155722,0.046214,0.198642,0.000714,0.008807,0.001773,0.009061,-0.105747,0.143509,0.117383,0.144882,0.016466,0.300664,0.064991,0.302022,0.024857,0.152705,0.025090,0.154004,0.000163,0.000385,0.000165,0.000656,0.000319,-0.001012,0.001002,0.004708,-0.000225,-0.001236,0.000747,0.005167,-0.000333,-0.002065,0.000400,0.002523
0.015694,0.015741,0.020561,0.021777,-0.022674,0.052503,0.037571,0.092260,-0.230312,0.491465,0.250475,0.511512,-0.116831,0.183770,0.127542,0.186905,0.006523,0.009279,0.028224,0.018297,-0.046847,0.012984,0.078151,0.091245,0.008995,0.077332,0.107810,0.136094,-0.043075,0.020994,0.055316,0.039095,0.001323,0.002774,0.005432,0.003450,-0.018913,0.041236,0.032652,0.050188,0.007271,0.024407,0.041790,0.044705,-0.062690,-0.024842,0.066430,0.033071,0.000076,-0.000008,0.000082,0.000018,-0.000038,0.000294,0.000108,0.000301,-0.000780,0.000061,0.000940,0.000900,-0.009604,-0.004925,0.010010,0.006518
-0.069948,-0.078011,0.087403,0.090859,0.020544,-0.158485,0.045326,0.158792,0.130739,-0.190854,0.131051,0.191137,0.055651,-0.043584,0.055851,0.044000,-0.140082,0.168400,0.147521,0.186075,-0.046957,0.241870,0.057978,0.256998,0.161389,0.185232,0.174032,0.299569,0.146078,0.025803,0.153380,0.126336,-0.027415,0.075972,0.028751,0.077105,-0.033358,0.236570,0.040754,0.237764,0.043585,0.224006,0.057835,0.224986,0.017822,0.048755,0.031148,0.057426,0.000701,-0.001977,0.000771,0.002131,0.000489,-0.001163,0.000589,0.002287,0.000007,0.000135,0.000144,0.001058,-0.000615,-0.000716,0.000638,0.002792
-0.000008,-0.002081,0.002362,0.003052,-0.002805,0.001842,0.005956,0.020032,-0.000854,0.010773,0.008642,0.022341,-0.006106,-0.002442,0.016580,0.009303,-0.008950,-0.000591,0.010658,0.017853,-0.018214,-0.017974,0.039474,0.064372,-0.100692,-0.029237,0.156183,0.055180,-0.404274,-0.055324,0.407484,0.065686,-0.002778,0.004579,0.004828,0.010781,-0.010671,0.035159,0.020356,0.047575,-0.114186,-0.001901,0.138738,0.047750,-0.493112,-0.101140,0.493405,0.104683,0.001389,-0.003431,0.001582,0.003495,0.000385,-0.002084,0.000841,0.002751,-0.006375,-0.002394,0.006838,0.003126,-0.024182,-0.008445,0.024559,0.008989
-0.019987,0.003362,0.022610,0.004697,-0.258863,0.029389,0.258988,0.049778,-0.025167,-0.008432,0.025193,0.014951,0.012302,-0.006222,0.013399,0.006237,-0.005310,0.001346,0.010438,0.002021,-0.405907,0.111163,0.408930,0.111953,-0.043930,0.192532,0.096434,0.192773,0.037894,0.180242,0.037894,0.181960,0.000904,0.001602,0.002367,0.002181,-0.120624,0.148436,0.129277,0.148789,0.014963,0.314894,0.068124,0.316084,0.026033,0.161836,0.026266,0.163300,0.000044,0.000115,0.000047,0.000139,-0.001734,0.001808,0.001954,0.003313,-0.001406,-0.000873,0.002051,0.006914,-0.000483,-0.002983,0.000585,0.003700
-0.018305,-0.016605,0.021474,0.016647,0.020861,-0.026676,0.023967,0.031933,0.267722,0.019744,0.268345,0.054518,0.016395,0.001605,0.020037,0.004473,-0.040674,0.176889,0.040682,0.181480,0.059204,0.193505,0.103326,0.193588,0.380987,0.095296,0.384731,0.096316,0.006373,0.000865,0.014510,0.003148,-0.026228,0.173288,0.027255,0.180064,-0.004095,0.333612,0.071238,0.339365,0.102403,0.121305,0.113068,0.123002,-0.001534,0.004195,0.005307,0.006692,0.002150,-0.014376,0.002252,0.015139,0.001994,-0.014592,0.002599,0.019968,0.000239,-0.001539,0.000862,0.005183,-0.000341,0.000427,0.000526,0.001372
0.210803,0.078478,0.240966,0.118993,0.009848,-0.058789,0.041971,0.107424,0.032014,-0.016291,0.039866,0.052534,0.001371,0.000370,0.002175,0.001442,0.256182,0.117016,0.391429,0.149685,-0.070076,-0.033692,0.254220,0.307959,0.224970,-0.028054,0.240947,0.149853,0.004514,0.000152,0.004581,0.001600,0.002110,0.033481,0.042243,0.037820,-0.046340,0.210584,0.106234,0.234131,0.081569,0.092043,0.093964,0.106086,0.001165,0.000661,0.001289,0.000763,0.001773,-0.004515,0.001975,0.004683,0.000606,-0.003574,0.001001,0.006237,0.000164,-0.000011,0.000289,0.001547,-0.000005,0.000024,0.000046,0.000073
-0.000919,0.000892,0.001593,0.001637,-0.048731,-0.050247,0.053867,0.075200,0.005392,-0.102943,0.051058,0.121778,-0.208370,0.047887,0.246731,0.089860,-0.003252,-0.004071,0.005592,0.013373,-0.271539,-0.012169,0.280032,0.173754,0.112593,0.007395,0.248120,0.257943,-0.257417,0.094387,0.412376,0.128535,0.000900,0.005102,0.002335,0.007481,-0.087186,0.114110,0.098102,0.116987,0.048221,0.195159,0.092267,0.199795,-0.004309,0.035996,0.046871,0.037733,0.000010,0.000047,0.000010,0.000047,-0.000235,0.000944,0.000307,0.000944,-0.000706,0.001204,0.001709,0.001451,0.000308,-0.000047,0.001058,0.000347
0.269212,0.443212,0.271078,0.448267,0.049548,0.092879,0.052235,0.097841,-0.001798,0.004533,0.006615,0.011712,-0.016379,0.009790,0.018070,0.016179,0.132645,0.165774,0.173959,0.227695,0.047090,0.015987,0.104861,0.252315,0.024998,-0.037214,0.049926,0.158790,-0.034091,0.027725,0.059506,0.061739,0.014288,0.023782,0.027851,0.040888,-0.010428,0.065496,0.024316,0.107753,0.017691,0.051112,0.026656,0.095993,-0.007111,0.016991,0.019468,0.022776,0.000702,0.000098,0.000736,0.000746,0.000003,0.000282,0.000092,0.000283,-0.000597,0.000647,0.000918,0.000839,-0.001233,0.000885,0.001573,0.001110
-0.019679,-0.044686,0.028175,0.045901,0.001705,-0.165644,0.062189,0.166194,0.029139,-0.046588,0.041288,0.055221,-0.002484,0.003847,0.005090,0.005000,-0.186066,-0.026845,0.199632,0.224310,0.030148,-0.076373,0.227385,0.444383,0.289485,-0.039346,0.298281,0.156047,0.000267,-0.001794,0.006537,0.003662,-0.047732,0.103385,0.050086,0.119062,-0.013539,0.322254,0.086178,0.329281,0.097540,0.106161,0.109744,0.115595,-0.002120,0.001590,0.004731,0.003640,0.000021,0.000097,0.000076,0.000221,-0.000116,0.001527,0.000228,0.001547,-0.000023,0.001145,0.000412,0.001196,-0.000148,0.000249,0.000451,0.000605
-0.000171,-0.000143,0.000896,0.000923,-0.002501,-0.010744,0.007618,0.012056,0.001350,-0.018937,0.009934,0.020549,0.000052,-0.001306,0.003158,0.003765,0.000470,-0.003704,0.008634,0.010178,-0.210027,-0.127861,0.237997,0.270295,0.112914,-0.212474,0.269650,0.517662,0.062795,-0.024418,0.075883,0.076329,0.001054,0.003121,0.008797,0.015339,-0.115261,0.133049,0.134359,0.221948,0.068862,0.245300,0.128649,0.376282,0.019456,0.021921,0.050868,0.060445,0.001425,-0.000716,0.001680,0.002869,-0.000200,0.000555,0.000739,0.002524,-0.000541,-0.002046,0.001164,0.004829,-0.001577,-0.003089,0.001824,0.003655
0.017975,-0.003320,0.024753,0.005757,-0.001729,-0.007816,0.014226,0.020751,0.002228,-0.016596,0.008991,0.025339,0.004035,-0.006376,0.006628,0.006969,0.521516,-0.070955,0.528301,0.084853,0.083861,-0.021857,0.161503,0.064200,0.022622,0.000022,0.042436,0.061851,0.015836,0.005461,0.016841,0.015286,0.384683,-0.074129,0.385507,0.079329,0.066164,0.015194,0.096198,0.048627,0.011996,0.037233,0.019001,0.047264,0.003602,0.005901,0.004220,0.008521,0.011124,-0.004915,0.012547,0.006646,0.003821,-0.003846,0.004735,0.004686,-0.000347,-0.004384,0.000968,0.004774,-0.000525,-0.002274,0.000661,0.002294
-0.128217,-0.034773,0.128831,0.042440,-0.122420,-0.080048,0.122602,0.084528,0.012400,-0.037813,0.022317,0.040631,0.125561,-0.002777,0.145297,0.058151,-0.181685,0.066005,0.182574,0.081958,-0.193481,0.237375,0.199688,0.246565,0.122043,0.267958,0.132169,0.268229,0.186324,0.150002,0.192683,0.155579,-0.023108,0.023686,0.028470,0.028593,-0.067714,0.239524,0.083094,0.240137,0.066311,0.248523,0.079972,0.249273,0.021954,0.034412,0.032233,0.044542,0.001544,0.001506,0.002376,0.002188,0.001022,0.001575,0.001454,0.002092,-0.000603,-0.000380,0.000972,0.002586,-0.000867,-0.001056,0.001220,0.001365
0.001801,0.001968,0.004549,0.004040,-0.004233,-0.008402,0.011135,0.012397,-0.002472,-0.024813,0.017235,0.027927,0.002216,-0.010908,0.008594,0.013560,0.035281,-0.011352,0.049339,0.022035,-0.132330,-0.091958,0.196682,0.235184,0.072596,-0.098460,0.200350,0.305482,0.034236,-0.004509,0.040670,0.063401,0.373591,-0.197621,0.379787,0.202789,-0.002112,0.060714,0.173231,0.221789,0.049577,0.142044,0.094058,0.224689,0.014116,0.020909,0.019570,0.040419,0.118028,-0.091492,0.118032,0.091537,0.008394,-0.005922,0.008537,0.007150,-0.000741,0.000408,0.001016,0.001556,-0.004002,-0.006162,0.005658,0.008858
-0.018194,-0.006033,0.018782,0.009212,-0.048581,-0.068347,0.063353,0.080536,-0.019977,-0.082597,0.092113,0.124727,-0.395542,0.213871,0.454187,0.257243,-0.043398,0.006064,0.043553,0.021956,-0.173402,0.038554,0.189497,0.183887,0.093667,0.088364,0.191851,0.202356,-0.008838,0.074865,0.167100,0.088500,-0.006083,0.005732,0.011325,0.015053,-0.047785,0.116146,0.061137,0.129293,0.039643,0.130625,0.065898,0.144797,0.003426,0.001645,0.021525,0.026744,0.000777,0.001293,0.001105,0.001709,0.000115,0.000410,0.000402,0.000709,-0.005793,-0.010987,0.006620,0.011769,-0.012544,-0.019958,0.013184,0.020004
-0.042489,-0.008444,0.046613,0.024268,-0.007962,-0.017312,0.017228,0.020437,0.010806,-0.010105,0.011726,0.010922,0.037364,0.000953,0.041545,0.012921,-0.066381,0.045757,0.081747,0.084006,-0.050537,0.064670,0.080240,0.180274,0.053761,0.056582,0.075919,0.197950,0.071241,0.036944,0.081377,0.098344,-0.008220,0.029535,0.016829,0.034944,-0.028425,0.119742,0.036276,0.140334,-0.006222,0.040321,0.068370,0.228798,-0.078502,-0.177447,0.108540,0.238572,0.000031,-0.000087,0.000186,0.000771,-0.000454,-0.005149,0.000511,0.006000,-0.037664,-0.136672,0.037701,0.137204,-0.181849,-0.457007,0.181850,0.457025
-0.031432,-0.030301,0.032804,0.031892,-0.070111,-0.161504,0.117212,0.162624,0.037614,-0.144714,0.129843,0.158410,0.040496,-0.006006,0.065883,0.037261,-0.101555,0.012142,0.110539,0.189206,-0.111687,0.160709,0.155498,0.460786,0.164937,0.191864,0.217491,0.411066,0.088209,0.025287,0.108487,0.083426,-0.009197,0.047559,0.020838,0.059441,-0.009000,0.142117,0.023210,0.146226,0.017824,0.124810,0.034641,0.128583,0.010694,0.017242,0.018662,0.025630,0.000130,0.000582,0.001167,0.000726,-0.000276,0.000303,0.001255,0.000323,-0.001874,0.000501,0.002519,0.000530,0.000628,0.000495,0.002816,0.001066
0.000753,0.000676,0.002920,0.003675,0.000919,-0.004621,0.003233,0.009865,-0.002992,-0.003438,0.005246,0.014159,-0.004595,0.000592,0.006248,0.008669,-0.016574,-0.012265,0.036938,0.039763,-0.128436,-0.172526,0.210611,0.502253,0.136775,-0.119063,0.200801,0.355853,0.001906,-0.000206,0.030294,0.028197,-0.007906,0.008121,0.029275,0.041867,-0.086879,0.205834,0.132003,0.414376,0.097333,0.148380,0.130071,0.293490,0.003453,0.006833,0.013287,0.017613,0.002561,-0.003090,0.003184,0.005269,-0.000330,-0.001795,0.000592,0.004035,-0.001293,-0.004451,0.001536,0.006227,-0.001668,-0.002512,0.001857,0.003033
-0.064380,-0.019931,0.066367,0.035302,-0.005682,-0.012735,0.005683,0.012866,-0.000200,-0.005823,0.000739,0.005836,0.019938,-0.001321,0.019958,0.016476,-0.144111,0.210279,0.158493,0.216779,-0.043639,0.243478,0.048223,0.243548,0.044913,0.252429,0.048467,0.252429,0.127253,0.234917,0.127301,0.235071,-0.040496,0.102727,0.045837,0.105155,-0.039075,0.301021,0.046329,0.303782,0.041574,0.292552,0.048419,0.298586,0.037853,0.099740,0.041578,0.108710,0.000300,-0.001583,0.000371,0.001826,-0.000182,-0.006325,0.001345,0.009435,-0.002218,-0.012962,0.002583,0.015537,-0.003795,-0.012478,0.004543,0.012638
-0.006034,-0.004473,0.006650,0.005571,-0.006234,-0.018552,0.013405,0.018740,0.009465,-0.013161,0.017596,0.017309,-0.019902,0.014193,0.028505,0.017677,-0.015875,0.002696,0.017791,0.025878,-0.021618,0.004628,0.044948,0.070402,0.032658,0.002207,0.057480,0.055883,-0.011295,0.002822,0.034969,0.025252,-0.000817,0.007320,0.007904,0.015816,-0.010925,0.035826,0.018280,0.053293,-0.142980,-0.204411,0.170634,0.256467,-0.110331,-0.161358,0.128918,0.166282,0.000783,-0.001514,0.001720,0.002349,-0.002142,-0.005206,0.002300,0.005660,-0.108461,-0.194710,0.108466,0.194824,-0.292899,-0.426441,0.296080,0.426503
0.020151,0.019912,0.020766,0.030114,0.019573,0.040447,0.020505,0.045534,-0.030830,0.041033,0.034037,0.044030,-0.258207,0.175493,0.258500,0.176593,0.011559,0.018233,0.033370,0.049787,-0.005144,-0.026769,0.073270,0.119077,-0.149252,0.075025,0.222920,0.165404,-0.450218,0.247760,0.453557,0.249354,0.000563,0.016092,0.008932,0.019391,-0.015899,0.044840,0.037448,0.074080,0.000507,0.040469,0.050997,0.066841,-0.020727,0.014077,0.023752,0.015129,0.000192,0.000222,0.000294,0.000331,-0.000001,0.000183,0.000045,0.000183,-0.000090,0.000211,0.000156,0.000273,-0.000338,0.000309,0.000683,0.000629
-0.035963,0.005356,0.037640,0.023828,0.000815,-0.008498,0.001865,0.008729,0.026312,-0.029163,0.026315,0.030014,0.144417,-0.024253,0.146221,0.053104,-0.143220,0.224855,0.145392,0.225985,-0.056386,0.248736,0.060725,0.248739,0.090865,0.256860,0.096625,0.258081,0.192544,0.149217,0.213548,0.167830,-0.037001,0.085501,0.040130,0.091638,-0.046873,0.284411,0.054234,0.286801,0.055143,0.273939,0.067897,0.274350,0.027397,0.055975,0.042619,0.064065,0.002199,-0.007388,0.002583,0.007491,0.000732,-0.003555,0.001876,0.006506,-0.001237,0.001352,0.002031,0.002499,-0.001222,-0.000050,0.002498,0.002417
0.172184,0.258129,0.200544,0.268146,0.154649,0.234413,0.265721,0.423873,0.061605,-0.079070,0.078372,0.112714,-0.002413,0.005094,0.033097,0.023810,-0.044968,0.011651,0.052933,0.022688,-0.179836,0.075642,0.213638,0.181316,0.185865,0.054370,0.208335,0.179080,0.043119,0.005355,0.045324,0.041545,-0.000787,0.000391,0.015084,0.012444,-0.050555,0.129847,0.069381,0.133188,0.049787,0.123932,0.063906,0.124646,0.007196,0.013654,0.007196,0.015351,0.004445,-0.001810,0.004585,0.004243,0.000477,0.000388,0.000592,0.000977,0.000042,0.000314,0.000064,0.000315,0.000002,0.000007,0.000004,0.000009
0.444979,0.242989,0.502957,0.279398,0.018599,-0.058990,0.091200,0.124604,0.058373,-0.061352,0.080232,0.094157,0.015381,-0.003273,0.020056,0.010605,0.043488,0.085567,0.195079,0.093581,-0.085947,0.101120,0.118748,0.144175,0.164582,0.069165,0.172511,0.134315,0.039781,0.006767,0.040435,0.020313,-0.011696,0.011653,0.012820,0.012996,-0.033581,0.119822,0.047812,0.123005,0.040015,0.095522,0.051637,0.098133,0.004929,0.005589,0.009835,0.012904,-0.000069,-0.001384,0.001899,0.001957,0.001664,-0.000469,0.002396,0.002935,0.000007,0.000600,0.000408,0.000652,-0.000784,0.001297,0.000929,0.001511
0.000291,-0.005195,0.002189,0.005904,-0.000204,-0.010757,0.004261,0.011953,-0.000383,-0.002021,0.003749,0.005993,-0.004236,0.001862,0.004656,0.003496,-0.087486,-0.081413,0.109061,0.279758,0.043205,-0.243799,0.157141,0.579442,0.149528,-0.090597,0.163067,0.195499,-0.007837,-0.000282,0.015422,0.006173,-0.043249,0.101669,0.046127,0.155379,-0.003988,0.267007,0.078657,0.394368,0.091126,0.090616,0.104209,0.156527,-0.005558,-0.000583,0.012172,0.007015,0.000280,-0.002184,0.000362,0.002789,0.000057,-0.001640,0.000403,0.005019,-0.000127,0.000266,0.000646,0.002441,-0.000415,0.000442,0.001254,0.001494
0.012200,0.005145,0.028822,0.008000,-0.032367,-0.012883,0.044799,0.017226,0.011255,-0.013725,0.029096,0.017948,0.017472,-0.005486,0.017489,0.010781,-0.001189,0.005179,0.025942,0.006577,-0.079202,0.007437,0.103851,0.067230,0.048823,0.029683,0.077426,0.069741,0.018520,0.015272,0.018850,0.023396,0.013753,-0.022940,0.018608,0.026752,0.026412,-0.145777,0.095802,0.255065,0.031373,0.012557,0.043212,0.104893,0.003283,0.012518,0.003419,0.012715,0.055387,-0.129741,0.056740,0.130881,0.142167,-0.573874,0.142996,0.574307,0.010415,-0.083840,0.011986,0.084372,0.000001,-0.000089,0.000021,0.000130
-0.121246,-0.025428,0.123871,0.044248,0.015236,-0.055513,0.069700,0.059329,0.239808,-0.013720,0.241702,0.065016,0.012642,0.001720,0.018363,0.004163,-0.185002,0.122586,0.186513,0.162410,0.013461,0.187692,0.128446,0.199481,0.373197,0.089922,0.377450,0.107426,0.006908,0.001026,0.018744,0.003641,-0.042112,0.109618,0.045933,0.114450,-0.016394,0.309950,0.081728,0.312323,0.098955,0.114700,0.109308,0.117240,-0.001368,-0.000518,0.006029,0.002008,0.001328,-0.004765,0.001406,0.005440,0.000875,-0.005358,0.001449,0.009675,-0.001066,-0.001246,0.001913,0.004378,-0.000226,-0.000622,0.001219,0.001221
-0.004319,0.002452,0.017001,0.009957,-0.007949,-0.010499,0.017464,0.019584,0.004064,-0.013167,0.010324,0.014863,0.007234,-0.000978,0.009099,0.006190,0.041223,-0.042249,0.073550,0.056438,-0.014327,-0.001063,0.060509,0.060153,0.028626,0.019225,0.038696,0.049537,0.017565,0.013707,0.019200,0.018833,0.428833,-0.359527,0.432563,0.363223,0.115105,-0.074727,0.139739,0.142598,0.012644,0.035180,0.018077,0.041890,-0.000624,0.000420,0.008099,0.011270,0.221002,-0.219518,0.221002,0.219519,0.022984,-0.025617,0.022996,0.025853,-0.000087,-0.000030,0.000347,0.000455,-0.002892,-0.003595,0.003342,0.003903
0.337465,0.204328,0.339460,0.212377,0.050180,0.037916,0.061244,0.068556,0.000757,0.013139,0.015001,0.029149,-0.000957,0.003640,0.004922,0.007626,0.426870,0.217633,0.442553,0.226711,0.075277,0.043235,0.140305,0.125966,0.026347,-0.010910,0.046425,0.069380,0.005686,-0.003534,0.008657,0.019485,0.087787,0.026973,0.096205,0.052048,0.005085,0.035811,0.039263,0.054365,0.011260,0.030397,0.017572,0.039947,0.001132,0.007858,0.003418,0.012085,0.017664,-0.005430,0.020689,0.014524,0.003889,-0.002217,0.004973,0.004540,0.000199,0.000137,0.000277,0.000330,-0.000185,0.000286,0.000226,0.000328
0.000156,-0.000022,0.000627,0.000808,-0.035559,-0.068969,0.039721,0.080698,0.023291,-0.131532,0.066425,0.139823,0.007827,-0.006491,0.012987,0.011532,0.002431,-0.000505,0.007208,0.002752,-0.354542,-0.039820,0.360860,0.227488,0.239408,-0.047323,0.408364,0.366003,0.085978,-0.002693,0.089780,0.036328,0.005738,-0.001743,0.007148,0.003780,-0.113713,0.143461,0.127044,0.150600,0.077798,0.247130,0.134538,0.259827,0.024296,0.017354,0.026192,0.022104,0.002506,-0.002315,0.002519,0.002498,0.000175,-0.001140,0.000716,0.002964,-0.002207,-0.009586,0.002517,0.011704,-0.001764,-0.003747,0.001904,0.004521
-0.064866,-0.092318,0.067933,0.095908,-0.046857,-0.187659,0.062868,0.190874,0.008638,-0.177087,0.041826,0.177756,0.032690,-0.105713,0.039602,0.107873,-0.136338,0.093011,0.150688,0.181562,-0.055589,0.171728,0.066256,0.240911,0.032590,0.186569,0.046492,0.236883,0.080440,0.142642,0.084258,0.202540,-0.032545,0.106836,0.037967,0.108520,-0.027795,0.277229,0.037568,0.277515,0.025543,0.274966,0.034482,0.275113,0.024262,0.127814,0.027174,0.128214,-0.000009,-0.000117,0.000091,0.000770,-0.000015,0.000553,0.000175,0.002114,0.000114,0.000566,0.000160,0.001820,0.000024,0.000005,0.000050,0.000719
0.029530,0.067272,0.030524,0.068058,0.163037,0.590139,0.172232,0.601919,0.024188,0.108468,0.034189,0.141257,-0.018747,-0.003202,0.034701,0.028853,-0.002741,0.004529,0.006833,0.007500,-0.013239,0.090799,0.103468,0.190310,0.039576,0.012127,0.080992,0.106158,-0.052583,0.016225,0.066339,0.026073,-0.001253,0.000699,0.001325,0.001379,-0.026285,0.039030,0.040689,0.057152,0.020610,0.036452,0.039602,0.051972,-0.012185,0.004308,0.016291,0.005412,-0.000002,0.000025,0.000009,0.000025,-0.000076,0.000590,0.000130,0.000590,0.000071,0.000487,0.000111,0.000488,-0.000005,0.000011,0.000015,0.000017
0.002155,-0.000135,0.002362,0.003909,-0.001165,-0.006781,0.002105,0.007197,-0.009471,-0.038641,0.011922,0.038948,-0.005254,-0.042455,0.016319,0.045259,-0.028275,-0.056135,0.042720,0.097329,-0.112366,-0.193074,0.120673,0.352349,-0.070984,-0.195701,0.119264,0.465231,0.055820,-0.061274,0.104804,0.253995,-0.019431,0.047112,0.042303,0.119354,-0.038777,0.184054,0.056093,0.311255,0.005745,0.260722,0.032822,0.321453,0.028903,0.133194,0.033181,0.156599,0.002025,0.001519,0.002627,0.004773,0.000153,0.003194,0.000301,0.003203,0.000021,0.002392,0.000188,0.002529,0.000018,0.000927,0.000168,0.001169
-0.014619,-0.036670,0.024738,0.041724,0.003692,-0.089969,0.036782,0.108838,0.032679,-0.028198,0.045406,0.048719,-0.027131,-0.005553,0.034476,0.006704,-0.083570,0.015913,0.094628,0.120582,-0.023371,-0.020052,0.141909,0.296652,0.143673,-0.025461,0.263241,0.161931,-0.339946,-0.040245,0.356327,0.055699,-0.025922,0.054951,0.028734,0.067253,-0.018345,0.193420,0.067967,0.222381,0.019793,0.075112,0.116646,0.108055,-0.281346,-0.051288,0.286423,0.058695,-0.000729,-0.006641,0.004393,0.007387,0.002983,-0.007631,0.004010,0.009874,-0.000345,-0.003611,0.001931,0.004716,-0.006854,-0.002143,0.007642,0.003012
-0.006988,-0.034748,0.094017,0.037190,-0.060903,-0.088611,0.069323,0.091780,0.011069,-0.085850,0.031216,0.086464,0.049681,-0.034244,0.053537,0.046784,0.314344,-0.059741,0.491593,0.162615,-0.117533,0.118081,0.153970,0.182480,0.067947,0.144163,0.093616,0.199606,0.101648,0.091626,0.102407,0.114498,0.179614,-0.048144,0.208224,0.090105,-0.033860,0.152743,0.061987,0.161126,0.033203,0.168380,0.045892,0.174954,0.018617,0.041855,0.018918,0.042807,0.002736,-0.001561,0.002743,0.001579,0.000139,-0.004467,0.000410,0.005148,-0.003757,-0.011839,0.003869,0.012441,-0.001220,-0.002538,0.001288,0.002578
-0.004220,0.000030,0.006079,0.004195,-0.020993,-0.027643,0.026479,0.035962,-0.044596,-0.016601,0.076790,0.061802,-0.507022,0.200021,0.516475,0.208975,-0.013239,0.002311,0.013323,0.004861,-0.071745,0.018191,0.075628,0.056671,0.008953,0.036110,0.106980,0.083341,-0.297711,0.109119,0.339502,0.120729,-0.001595,0.001242,0.001726,0.001337,-0.022270,0.039984,0.024734,0.041873,0.010203,0.043360,0.032207,0.060572,-0.015769,0.000217,0.025657,0.013804,-0.000004,-0.000009,0.000028,0.000031,-0.000273,-0.000640,0.000316,0.000997,-0.006414,-0.017710,0.006516,0.018468,-0.009360,-0.015333,0.010156,0.015531
-0.006844,-0.003432,0.011768,0.005299,-0.013094,-0.040089,0.021550,0.040149,0.010653,-0.039678,0.017511,0.039731,0.010584,-0.003675,0.013931,0.007208,-0.015476,0.009516,0.040034,0.020339,-0.159450,-0.049156,0.219548,0.204708,0.149686,-0.035223,0.208535,0.188932,0.026163,0.013754,0.042957,0.021906,0.000221,0.004850,0.013884,0.009918,-0.079888,0.102859,0.112985,0.190329,0.040973,0.022368,0.131828,0.247948,0.002646,-0.004878,0.013627,0.020400,-0.000567,0.001277,0.001414,0.001940,-0.006089,-0.112084,0.010736,0.115068,-0.114883,-0.448959,0.115981,0.450403,-0.036395,-0.087469,0.036520,0.087522
0.068581,-0.005780,0.069057,0.006564,0.007894,-0.010446,0.020498,0.011159,0.000876,-0.015884,0.005658,0.016045,0.001649,-0.003519,0.002790,0.004374,0.357007,-0.034418,0.360046,0.041339,0.038288,-0.022392,0.123611,0.061087,0.018671,-0.013161,0.039834,0.073231,0.010114,-0.004171,0.013310,0.028626,0.281172,-0.059029,0.283478,0.066346,0.044449,-0.019722,0.084417,0.088427,-0.000433,-0.036877,0.029206,0.131215,-0.004894,-0.039386,0.011977,0.067576,0.081422,-0.099780,0.115700,0.132846,0.018286,-0.153727,0.042221,0.161593,-0.026821,-0.262273,0.033952,0.262472,-0.018421,-0.156482,0.021075,0.156532
-0.000032,-0.000194,0.000151,0.000321,-0.000181,-0.001272,0.000754,0.001298,-0.006023,-0.001184,0.006843,0.001516,-0.030577,0.000618,0.030596,0.005711,-0.000580,-0.001953,0.001063,0.003718,-0.003479,-0.004522,0.006580,0.012119,-0.034681,-0.010537,0.041313,0.017484,-0.111111,-0.009519,0.111761,0.023245,0.003799,-0.014636,0.004679,0.018891,0.005091,-0.034603,0.012347,0.046633,-0.064338,-0.077292,0.068702,0.088219,-0.167465,-0.106745,0.167775,0.110913,0.008516,-0.050161,0.010997,0.050467,0.001482,-0.104043,0.021348,0.104172,-0.149028,-0.286051,0.150798,0.286101,-0.318934,-0.413708,0.318992,0.413748
0.000244,-0.001036,0.000252,0.001041,-0.078637,-0.034452,0.079092,0.034453,-0.196821,-0.127219,0.216390,0.127236,0.062276,-0.064896,0.101793,0.069149,-0.002982,-0.004272,0.003778,0.007910,-0.311456,-0.091526,0.314225,0.168776,-0.160761,0.074573,0.199950,0.252405,0.090617,0.126881,0.094724,0.170918,0.000655,-0.003246,0.016553,0.024809,-0.104108,0.133835,0.127417,0.186147,0.008430,0.315572,0.059471,0.326723,0.032212,0.166061,0.032942,0.168213,0.004612,0.002934,0.005609,0.007576,0.001257,0.005395,0.002146,0.005670,0.000344,0.003885,0.000518,0.003886,0.000054,0.000551,0.000167,0.000859
0.002748,0.012812,0.004679,0.014615,0.006551,0.097197,0.023434,0.101642,-0.104849,0.212172,0.109731,0.216154,-0.304624,0.270045,0.304632,0.272835,-0.001950,0.001137,0.002595,0.002694,-0.008181,0.009221,0.022124,0.041177,-0.110134,0.038444,0.130407,0.075147,-0.367949,0.078333,0.368139,0.100495,-0.000818,0.001606,0.000821,0.001783,-0.007736,0.012737,0.012026,0.019306,-0.049007,0.009544,0.061867,0.025953,-0.189168,-0.016829,0.189316,0.028446,-0.000074,-0.000007,0.000074,0.000017,-0.000099,0.000059,0.000256,0.000157,-0.013733,-0.005439,0.013893,0.005715,-0.045993,-0.013945,0.045993,0.014014
-0.014121,-0.007641,0.042624,0.027577,-0.063862,-0.053903,0.095277,0.230541,-0.054498,0.209884,0.202281,0.394176,-0.021795,0.046293,0.040220,0.060791,-0.092586,0.017074,0.108910,0.045414,-0.178984,0.052605,0.245017,0.261582,0.252667,0.049806,0.291653,0.213765,0.028682,-0.006070,0.036011,0.043217,-0.018920,0.015342,0.019980,0.017566,-0.058964,0.199347,0.096143,0.212763,0.068669,0.134032,0.093549,0.141611,-0.003009,0.016731,0.015147,0.028163,-0.000021,0.000041,0.000025,0.000049,-0.000064,0.000849,0.000216,0.000876,-0.000058,0.000768,0.000285,0.000772,-0.001069,0.001783,0.001103,0.001944
-0.005141,-0.002256,0.005239,0.004130,-0.034739,-0.079683,0.048542,0.084628,-0.014438,-0.181791,0.045001,0.181844,0.002475,-0.116282,0.027983,0.116282,-0.006950,0.000046,0.011706,0.005471,-0.317051,-0.028414,0.327553,0.201991,-0.048505,-0.032134,0.137350,0.406723,0.066188,0.038133,0.084878,0.298876,0.002284,0.003230,0.005335,0.004423,-0.107306,0.141423,0.118646,0.148680,0.015528,0.299701,0.063075,0.302641,0.026892,0.149650,0.027678,0.154348,0.000219,0.000031,0.000227,0.000259,-0.000186,0.001630,0.000354,0.001643,0.000161,0.001754,0.000254,0.001754,-0.000085,0.000266,0.000142,0.000266
-0.139430,0.003769,0.145308,0.040175,-0.017769,-0.005608,0.017971,0.009888,0.016100,-0.006762,0.016250,0.010622,0.155734,0.005404,0.162129,0.042127,-0.203741,0.157275,0.207388,0.158836,-0.111749,0.253006,0.118247,0.253101,0.131754,0.268058,0.138849,0.268182,0.191316,0.136898,0.197420,0.139716,-0.032510,0.045230,0.034729,0.047512,-0.062537,0.262476,0.072892,0.263970,0.070281,0.249749,0.081681,0.252761,0.026216,0.037053,0.029368,0.039917,0.001026,-0.002678,0.001601,0.002985,-0.000049,-0.001135,0.001932,0.004026,-0.001258,-0.004114,0.002920,0.006649,-0.001208,-0.003762,0.002409,0.004149
0.054122,-0.003384,0.054235,0.004099,0.010099,-0.001141,0.011388,0.001327,0.000338,-0.000890,0.000580,0.000901,0.000111,-0.000340,0.000164,0.000351,0.123328,-0.008769,0.123794,0.014452,0.024546,-0.004777,0.034891,0.013409,0.003199,-0.002235,0.005798,0.009857,0.000466,-0.000665,0.000818,0.003059,0.194737,-0.120193,0.194934,0.121933,0.045312,-0.068152,0.052776,0.078622,-0.001138,-0.041563,0.009499,0.050800,-0.002311,-0.023821,0.003826,0.026197,0.346180,-0.400113,0.346302,0.400133,0.103518,-0.237237,0.108431,0.237260,-0.006193,-0.125168,0.016474,0.125173,-0.005660,-0.069695,0.009150,0.069695
-0.004942,-0.000877,0.007882,0.001874,-0.162723,-0.112466,0.163316,0.133599,-0.017211,-0.203005,0.072836,0.207324,0.103414,-0.057862,0.118967,0.061794,-0.001643,-0.000370,0.013478,0.002550,-0.376643,0.083283,0.380249,0.119487,-0.003433,0.161222,0.127801,0.202245,0.213559,0.058452,0.222423,0.103561,0.002181,0.000448,0.004538,0.002030,-0.108871,0.138874,0.117521,0.139819,0.020306,0.289535,0.068303,0.293570,0.048792,0.085096,0.050391,0.089865,0.000063,0.000041,0.000096,0.000106,-0.000364,0.000337,0.000608,0.003404,-0.001970,-0.008968,0.002518,0.013577,-0.001977,-0.007830,0.002161,0.008349
0.000773,0.001530,0.000786,0.001531,0.002660,0.006619,0.002994,0.007797,-0.007216,0.002645,0.009215,0.007061,-0.113530,0.055695,0.114607,0.058620,-0.000093,0.000070,0.000191,0.000111,-0.030818,-0.026467,0.053038,0.053470,-0.179354,0.055548,0.239222,0.114371,-0.602134,0.203648,0.602480,0.204513,-0.000078,0.000012,0.000078,0.000018,-0.021680,0.025979,0.037773,0.042522,-0.020305,0.033534,0.066317,0.046170,-0.053103,0.011334,0.054569,0.012039,-0.000000,0.000000,0.000000,0.000000,-0.000056,0.000233,0.000094,0.000375,-0.000806,-0.002031,0.000939,0.002489,0.000634,-0.000169,0.001021,0.000662
0.005573,0.009159,0.007028,0.014172,-0.000131,-0.007899,0.002395,0.009394,-0.000421,-0.010357,0.001939,0.010377,-0.001340,-0.008107,0.002599,0.009368,-0.036056,-0.011457,0.049070,0.088142,-0.095700,-0.142590,0.116554,0.460921,0.049973,-0.150776,0.114344,0.564167,0.047250,-0.023235,0.069701,0.189603,-0.013328,0.019530,0.026287,0.046265,-0.056319,0.160959,0.071265,0.288090,0.043525,0.184171,0.065670,0.314409,0.021879,0.042483,0.027776,0.079683,0.000897,-0.000803,0.001264,0.001015,0.000040,-0.000202,0.000821,0.001340,0.000236,-0.000091,0.000352,0.001022,-0.001451,-0.004297,0.001460,0.004474
-0.006130,-0.001736,0.006371,0.004207,-0.001734,-0.013821,0.007126,0.014338,0.011145,-0.010549,0.013719,0.012395,-0.000444,-0.004256,0.013925,0.005478,-0.017420,0.012613,0.017891,0.017338,-0.016157,0.019656,0.023039,0.038232,-0.055880,-0.028086,0.111060,0.069638,-0.222111,-0.106015,0.237842,0.112446,0.000040,-0.001089,0.007074,0.011742,-0.004462,0.025755,0.011942,0.034508,-0.096264,-0.033964,0.111073,0.073893,-0.534139,-0.292481,0.535722,0.294618,0.006269,-0.012651,0.006428,0.012836,0.002374,-0.005945,0.002475,0.006530,-0.002749,-0.002325,0.003460,0.003750,-0.057547,-0.042696,0.057904,0.043727
-0.070654,-0.032617,0.088391,0.055049,-0.034357,-0.206632,0.130106,0.215324,0.140206,-0.129808,0.146727,0.136831,0.009702,-0.002993,0.014381,0.006049,-0.173237,0.053729,0.176675,0.089972,-0.156437,0.172962,0.217936,0.254300,0.356484,0.090863,0.364128,0.208102,0.037166,0.002247,0.037844,0.013145,-0.025795,0.026829,0.029175,0.030990,-0.056273,0.244635,0.094202,0.246117,0.082459,0.143968,0.102770,0.148149,0.006932,0.001372,0.010958,0.008801,0.002580,-0.004452,0.002596,0.004488,0.000350,-0.000335,0.000834,0.002498,-0.002160,0.001490,0.002839,0.002401,-0.000723,0.000397,0.004355,0.003545
0.434912,0.411774,0.435584,0.412212,0.116829,0.157345,0.122749,0.169729,0.000334,0.055913,0.012439,0.063419,-0.003655,0.046978,0.005899,0.047779,0.160512,0.104690,0.168228,0.108795,0.037106,0.041970,0.064440,0.062969,0.014902,0.013027,0.019767,0.028570,-0.000320,0.013399,0.002719,0.015388,0.032473,0.001413,0.035263,0.006830,0.004857,0.013144,0.016075,0.015619,0.004807,0.008481,0.006319,0.009682,0.000273,0.001239,0.000743,0.002157,0.012211,-0.000492,0.012402,0.001449,0.003809,-0.000010,0.003955,0.000518,0.000092,0.000077,0.000152,0.000093,-0.000050,0.000098,0.000103,0.000136
-0.000142,-0.015652,0.023048,0.022472,0.002553,-0.046678,0.036602,0.048050,0.018694,-0.034145,0.033528,0.038134,-0.012285,0.009018,0.023473,0.015629,-0.030032,0.011447,0.043171,0.068020,-0.033250,-0.019539,0.128158,0.186834,0.103510,-0.014167,0.128186,0.135856,0.016251,-0.000763,0.022279,0.015567,-0.008053,0.029481,0.019192,0.047988,-0.018636,0.114541,0.044074,0.144326,-0.054567,-0.024954,0.138899,0.204277,-0.215771,-0.219151,0.226818,0.229348,0.002657,0.000522,0.004400,0.004816,0.000520,0.001037,0.000699,0.001307,-0.028090,-0.037018,0.028126,0.038012,-0.303809,-0.353129,0.303816,0.353180
-0.013325,-0.004857,0.013338,0.004920,-0.141192,-0.161103,0.145028,0.161295,0.091567,-0.194091,0.152013,0.201735,0.046471,-0.020722,0.050734,0.027823,-0.045876,0.004064,0.047065,0.013501,-0.334355,0.107744,0.340953,0.220529,0.254015,0.159194,0.309213,0.252663,0.114249,0.025700,0.115414,0.046518,-0.004016,0.001723,0.007891,0.004745,-0.092777,0.171719,0.101659,0.174152,0.074951,0.213041,0.107814,0.216155,0.017615,0.015131,0.020409,0.018704,0.000654,-0.001467,0.001372,0.001624,0.001146,-0.001102,0.001937,0.003533,-0.000892,-0.001399,0.001487,0.003806,-0.003578,-0.005593,0.003999,0.006112
-0.032174,-0.019134,0.032570,0.019469,-0.076074,-0.106595,0.081496,0.110920,-0.067678,0.075973,0.228765,0.274286,-0.252333,0.271024,0.304198,0.287876,-0.073608,0.015828,0.074913,0.058611,-0.162261,0.084795,0.176366,0.216972,0.202957,0.124062,0.237869,0.203580,0.049643,0.024333,0.069166,0.031121,-0.011994,0.018736,0.012184,0.019085,-0.046944,0.149730,0.059801,0.150532,0.055073,0.124012,0.070255,0.127470,0.000745,0.000401,0.015279,0.012387,-0.000006,0.000017,0.000007,0.000019,-0.000149,0.000813,0.000209,0.000813,-0.000414,0.000377,0.001582,0.001055,-0.004236,-0.004239,0.004891,0.004278
0.005172,0.003890,0.006122,0.004205,0.003274,0.004431,0.009789,0.013017,0.001837,-0.006410,0.005394,0.012802,0.001247,-0.002234,0.001610,0.003186,0.102436,-0.026469,0.103024,0.028254,0.014132,-0.036695,0.105465,0.068536,0.022606,-0.019836,0.052487,0.066970,0.011443,0.000217,0.011964,0.012378,0.597921,-0.227722,0.597946,0.227930,0.128578,-0.034599,0.175218,0.094289,0.014394,0.033932,0.029238,0.048199,0.002016,0.001993,0.004843,0.007812,0.075797,-0.039312,0.075839,0.039475,0.006023,-0.003150,0.006169,0.003788,-0.001265,-0.002980,0.001366,0.003421,-0.003627,-0.007255,0.003654,0.007280
0.005535,-0.113186,0.086992,0.115754,0.099580,-0.136121,0.122192,0.138969,0.009310,-0.011688,0.013552,0.013076,-0.001122,-0.001615,0.002329,0.003063,-0.090399,0.070315,0.120626,0.223706,0.226243,-0.082832,0.280474,0.415726,0.190481,-0.098533,0.200445,0.177493,-0.007088,0.005441,0.023808,0.012318,-0.031738,0.162575,0.032158,0.165966,0.000660,0.304137,0.060507,0.335977,0.092327,0.106332,0.109452,0.174007,-0.012390,-0.000358,0.029106,0.013769,-0.000071,0.000559,0.000075,0.000561,-0.000294,0.002664,0.000395,0.003003,-0.001028,-0.001787,0.001933,0.007608,-0.002037,-0.001531,0.005171,0.005554
0.000457,-0.143230,0.034775,0.145788,0.032486,-0.240391,0.052106,0.250809,0.122740,-0.104638,0.129942,0.136537,0.007528,-0.013257,0.011169,0.028987,-0.044440,0.148458,0.048540,0.201101,0.049498,0.140977,0.099172,0.240947,0.317729,0.058238,0.322916,0.120465,0.007727,-0.005859,0.012151,0.014643,-0.025531,0.165836,0.025741,0.165990,-0.008804,0.322220,0.066471,0.322282,0.078542,0.144461,0.096246,0.144754,-0.003885,0.033461,0.007008,0.033999,-0.000032,0.000233,0.000033,0.000234,-0.000136,0.001850,0.000237,0.001851,0.000021,0.001836,0.000331,0.001837,-0.000263,0.001727,0.000269,0.001747
-0.020787,-0.001204,0.020853,0.003906,-0.210025,-0.039546,0.225320,0.085782,0.200639,-0.045393,0.234514,0.077950,0.034694,-0.003137,0.034979,0.006693,-0.040199,0.000118,0.040201,0.008957,-0.328242,0.106049,0.372103,0.137163,0.301887,0.102098,0.381108,0.155405,0.061287,0.004441,0.061903,0.016648,-0.010535,0.005441,0.010536,0.006224,-0.088584,0.168329,0.115275,0.174374,0.079592,0.177015,0.113285,0.183859,0.015273,0.010444,0.015340,0.011577,-0.000009,0.000025,0.000010,0.000027,-0.000654,-0.008394,0.001625,0.011416,0.000004,-0.006211,0.001723,0.008669,0.000414,-0.000051,0.000423,0.000121
-0.001169,-0.000261,0.006189,0.004160,-0.047160,-0.132492,0.065807,0.134773,0.047598,-0.106971,0.062364,0.108016,0.000030,-0.000159,0.006699,0.004615,-0.039530,0.000437,0.048344,0.012687,-0.323310,-0.015238,0.371322,0.321427,0.345228,-0.011058,0.391817,0.279770,0.031465,0.000438,0.037803,0.011769,-0.007629,0.002671,0.011646,0.005453,-0.098166,0.213524,0.126133,0.215586,0.100652,0.173000,0.125100,0.175153,0.005907,0.002519,0.011054,0.005945,0.001960,-0.002524,0.002027,0.002581,0.000111,0.000061,0.000826,0.002803,-0.000095,0.000072,0.000679,0.002251,-0.001085,-0.000988,0.001554,0.001509
-0.026973,-0.014475,0.034186,0.017402,-0.019578,-0.075371,0.041353,0.076060,0.074524,-0.036023,0.076041,0.050064,0.010789,-0.004609,0.018917,0.007171,-0.081361,0.037234,0.089379,0.063039,-0.058491,0.060931,0.128822,0.174157,0.181457,0.044038,0.188710,0.111846,0.008417,0.006494,0.036072,0.026374,-0.008879,-0.015773,0.031824,0.096162,-0.002475,0.048325,0.074725,0.288268,0.052997,0.059280,0.061683,0.107268,-0.000250,0.006857,0.007106,0.011365,0.046135,-0.228148,0.047666,0.228217,0.067400,-0.453485,0.071184,0.454308,0.004328,-0.084376,0.008412,0.085106,0.000637,-0.004025,0.000788,0.004532
-0.098697,-0.075628,0.112348,0.077140,0.015248,-0.228297,0.071773,0.229648,0.146892,-0.091096,0.150170,0.108179,0.006151,-0.001324,0.007385,0.002258,-0.222597,0.059935,0.230516,0.120633,0.020937,0.133691,0.143477,0.216434,0.357840,0.060361,0.361013,0.101366,0.007009,-0.000371,0.011915,0.002685,-0.053866,0.106556,0.055025,0.111017,-0.008901,0.314546,0.072275,0.317246,0.099193,0.113031,0.108331,0.114735,-0.000007,0.001251,0.004377,0.004089,0.000811,-0.004545,0.000929,0.005250,0.000779,-0.004422,0.001290,0.009701,0.000166,0.000474,0.000606,0.002818,-0.000248,0.000580,0.000449,0.000838
0.005365,-0.025403,0.012013,0.026461,0.005489,-0.032875,0.015297,0.037088,0.002524,-0.002777,0.006616,0.013788,-0.000069,0.001217,0.001635,0.002224,-0.047836,0.006118,0.070534,0.113043,-0.022450,-0.123241,0.223899,0.346749,0.120671,-0.072021,0.195455,0.167040,-0.062897,-0.010210,0.068420,0.012844,-0.020364,0.041306,0.020747,0.044471,-0.040677,0.180783,0.110739,0.232227,-0.012669,0.042206,0.179459,0.156330,-0.405391,-0.153030,0.407949,0.155337,-0.000019,0.000027,0.000019,0.000031,-0.000055,0.000868,0.000179,0.000871,-0.004828,-0.002701,0.005044,0.003755,-0.066130,-0.039573,0.066130,0.039582
-0.002958,-0.018757,0.002969,0.019133,-0.167462,-0.012151,0.167464,0.052167,-0.025349,-0.030865,0.025361,0.035773,0.019021,-0.016735,0.022426,0.016738,0.001558,0.015849,0.001660,0.016635,-0.246774,0.113253,0.254431,0.113659,-0.031907,0.210669,0.077841,0.210825,0.048695,0.188160,0.048697,0.190580,0.016592,0.140958,0.016600,0.141118,-0.039915,0.276927,0.079201,0.277383,0.023707,0.373993,0.056773,0.375181,0.029174,0.200129,0.029389,0.201734,0.000914,0.006061,0.001137,0.008593,-0.000123,0.002793,0.001300,0.008047,-0.000527,-0.002428,0.001121,0.007772,-0.000275,-0.003840,0.000901,0.004531
0.226981,0.078319,0.260510,0.101487,0.007216,-0.077004,0.050300,0.090905,0.032766,-0.035320,0.034760,0.039632,0.001016,-0.000919,0.001034,0.001169,0.220322,0.096119,0.352551,0.117938,-0.040976,0.043674,0.153752,0.181363,0.108347,-0.016192,0.152790,0.184056,0.016849,-0.032371,0.023096,0.079312,0.016894,-0.031638,0.068190,0.070947,0.009472,0.009557,0.076591,0.212514,0.021133,0.071281,0.046562,0.108142,-0.004629,0.032308,0.018058,0.059516,0.066034,-0.178048,0.076079,0.181088,0.063515,-0.259887,0.063783,0.260207,0.005418,-0.033892,0.005889,0.034294,0.000767,-0.004589,0.001717,0.006978
-0.018985,-0.004715,0.019533,0.007429,-0.009435,-0.017712,0.012678,0.018461,0.014157,-0.015987,0.015708,0.017250,0.018037,-0.004921,0.018293,0.006844,-0.028857,0.013744,0.030721,0.027337,-0.028679,0.031433,0.042482,0.070472,0.041445,0.034068,0.047440,0.061599,0.023527,0.010623,0.024332,0.020560,-0.002027,-0.016083,0.009283,0.042956,-0.001187,-0.106528,0.032240,0.212896,0.013338,-0.075637,0.029646,0.163714,0.002855,-0.011829,0.006689,0.031670,0.009366,-0.093160,0.012818,0.093299,0.027054,-0.469711,0.042875,0.469887,-0.009842,-0.379840,0.039284,0.380023,0.000161,-0.079212,0.010412,0.079461
0.006441,0.006143,0.013252,0.022210,-0.016659,-0.048072,0.024044,0.076287,-0.022372,-0.130685,0.052270,0.148926,0.002612,-0.068259,0.029488,0.072354,-0.040102,-0.017880,0.074783,0.184976,-0.102609,0.016947,0.145376,0.506911,0.000902,0.105128,0.131572,0.561968,0.070569,0.066282,0.093189,0.241134,0.008135,0.028858,0.039669,0.086010,0.002963,0.105470,0.025045,0.122884,0.004441,0.117936,0.010991,0.119518,-0.007682,0.027885,0.025547,0.066067,0.006609,-0.004505,0.008260,0.010294,0.000360,0.000212,0.000413,0.000452,-0.000082,0.000008,0.000083,0.000009,-0.001326,-0.001790,0.001522,0.001801
-0.052254,-0.005957,0.069755,0.029445,-0.009569,-0.057044,0.057420,0.058873,0.060536,-0.045836,0.063929,0.047807,0.044324,-0.003178,0.044752,0.013715,-0.103423,0.065939,0.107437,0.072465,-0.066663,0.106346,0.140048,0.176993,0.157227,0.096735,0.166842,0.152910,0.063944,0.029487,0.064070,0.033886,-0.016307,0.028945,0.018227,0.029805,-0.038142,0.151844,0.053807,0.164738,-0.014738,-0.028039,0.126951,0.266857,-0.026878,-0.053302,0.044292,0.070969,0.000041,0.000027,0.000060,0.000082,-0.000873,-0.006162,0.000990,0.007661,-0.129446,-0.347408,0.129563,0.348231,-0.153282,-0.288408,0.153295,0.288414
0.016248,0.069977,0.021511,0.073105,0.066786,0.374182,0.094949,0.400709,-0.015212,0.195636,0.063913,0.223019,-0.122615,0.076155,0.140726,0.103944,-0.009615,0.007914,0.014539,0.021807,-0.034461,0.035231,0.093805,0.147231,-0.007417,0.021429,0.142396,0.106673,-0.347913,0.069295,0.362025,0.087110,-0.002990,0.004654,0.004932,0.010575,-0.021763,0.048676,0.036133,0.064000,0.001465,0.040524,0.055475,0.053199,-0.092524,-0.001201,0.096618,0.015775,0.000126,0.000375,0.000135,0.000395,-0.000022,0.000312,0.000108,0.000312,-0.000225,0.000168,0.000425,0.000276,-0.001713,-0.000271,0.001794,0.000432
0.001306,0.007154,0.001504,0.007278,0.000191,0.008128,0.004156,0.019088,-0.000040,0.004019,0.005678,0.013891,-0.054054,0.030413,0.055231,0.031894,-0.003626,-0.002243,0.004480,0.010260,-0.164535,-0.146786,0.266725,0.296038,0.089962,-0.108992,0.294878,0.276698,-0.335250,0.100454,0.354837,0.114446,-0.000951,0.003328,0.001841,0.006365,-0.110638,0.143613,0.188670,0.234187,0.085643,0.125796,0.174292,0.204855,-0.058093,0.008739,0.069939,0.014869,0.000019,0.000171,0.000020,0.000171,-0.000182,0.001511,0.000380,0.001556,-0.000804,-0.000995,0.001254,0.003202,-0.000381,-0.000712,0.000448,0.000759
0.000565,0.004494,0.000927,0.004853,-0.010087,-0.008941,0.014396,0.032768,-0.010059,-0.026978,0.026258,0.051866,-0.234342,0.059313,0.241777,0.070125,-0.001540,-0.003171,0.003427,0.014532,-0.087686,-0.009290,0.091329,0.073474,-0.000528,0.007170,0.108766,0.108113,-0.571233,0.122731,0.613782,0.134789,0.000648,0.004291,0.001621,0.007228,-0.028581,0.040560,0.033107,0.043952,0.012183,0.065478,0.033574,0.073798,-0.056441,0.014425,0.068248,0.020923,0.000009,0.000038,0.000010,0.000043,-0.000578,-0.002041,0.000641,0.002919,-0.002100,-0.013075,0.003002,0.014051,-0.002290,-0.008869,0.002711,0.009269
-0.038596,-0.033931,0.039524,0.037494,-0.108685,-0.187135,0.112745,0.189580,-0.013769,-0.201206,0.049519,0.201427,0.069314,-0.086593,0.098366,0.103658,-0.124170,0.009227,0.148259,0.095987,-0.183264,0.126551,0.191635,0.277154,0.055268,0.208479,0.077840,0.266069,0.167050,0.135473,0.179959,0.180042,-0.013642,0.043483,0.036330,0.056163,-0.045209,0.230806,0.062143,0.232684,0.041224,0.245013,0.050854,0.246425,0.030761,0.064806,0.031382,0.066446,0.001186,0.001936,0.001299,0.002256,-0.000132,0.000739,0.000686,0.001156,-0.000668,-0.001683,0.000954,0.002699,-0.000309,-0.001969,0.001164,0.002115
-0.004339,-0.002144,0.004603,0.002400,-0.005570,-0.014626,0.009212,0.014759,0.003314,-0.008241,0.010890,0.008670,-0.017247,-0.004275,0.022983,0.004811,-0.012214,0.000150,0.013325,0.009341,-0.027935,-0.003598,0.046032,0.054929,-0.059610,-0.018692,0.135265,0.052613,-0.370367,-0.069692,0.375703,0.074613,0.013969,-0.043844,0.019186,0.050694,0.019604,-0.090787,0.050344,0.160381,-0.057660,-0.025622,0.095204,0.071071,-0.308049,-0.076877,0.309224,0.082462,0.045614,-0.141535,0.045614,0.141535,0.064821,-0.302458,0.065068,0.305799,0.017680,-0.052580,0.039855,0.124702,-0.015301,0.016818,0.059764,0.087136
0.003331,0.003807,0.003625,0.005148,0.000776,0.001034,0.001025,0.001976,-0.005977,-0.015473,0.006038,0.015528,-0.018986,-0.056856,0.021903,0.057438,-0.001115,-0.003161,0.016914,0.020105,-0.106909,-0.099143,0.113331,0.225969,-0.121832,-0.155556,0.167132,0.591791,-0.008408,-0.014336,0.119302,0.440778,0.001484,0.003270,0.019136,0.021201,-0.057835,0.091411,0.068621,0.183315,-0.001319,0.205721,0.053812,0.308946,0.016910,0.123324,0.029279,0.156520,0.002406,-0.001527,0.002644,0.002735,0.000132,0.000787,0.000248,0.000974,-0.000015,0.000075,0.000123,0.000940,-0.000850,-0.004564,0.000888,0.004677
0.205317,0.000105,0.206652,0.049783,0.013809,0.009038,0.061058,0.028968,-0.000453,-0.001914,0.006941,0.016772,0.003757,-0.002888,0.004890,0.005488,0.539113,-0.050573,0.539401,0.088644,0.069060,-0.001570,0.156270,0.042370,0.000820,0.017357,0.018732,0.033149,0.009084,0.015954,0.009632,0.020685,0.313042,-0.050528,0.313177,0.062319,0.047797,0.009895,0.075708,0.035651,0.003957,0.036915,0.011124,0.044315,0.003323,0.015287,0.004032,0.019767,0.017668,-0.004878,0.018800,0.007876,0.003237,-0.004111,0.004527,0.005023,-0.001099,-0.008980,0.001563,0.009572,-0.000888,-0.006071,0.001016,0.006209
-0.090747,-0.029749,0.100001,0.039017,-0.123075,-0.142677,0.132488,0.146405,0.164946,-0.145753,0.174077,0.151381,0.060087,-0.018601,0.076404,0.029784,-0.154348,0.049673,0.158444,0.065556,-0.210087,0.226304,0.220343,0.242499,0.281637,0.231698,0.292233,0.253783,0.108378,0.034666,0.114385,0.045736,-0.015727,0.014203,0.020331,0.017660,-0.068603,0.214400,0.082259,0.215327,0.076804,0.191820,0.089755,0.192897,0.010910,0.010550,0.015567,0.013908,0.000689,-0.001423,0.000866,0.001440,0.000152,-0.000675,0.000621,0.001660,-0.000323,-0.001180,0.001014,0.001935,-0.000582,-0.001342,0.000953,0.001352
0.019775,0.062143,0.035821,0.073550,0.000413,0.171323,0.177434,0.394417,0.073546,-0.033516,0.115310,0.297656,0.006223,-0.005876,0.062266,0.049105,-0.018610,-0.005908,0.037772,0.021171,-0.279963,0.064518,0.289221,0.179724,0.175595,0.099574,0.247297,0.231355,0.094928,0.024225,0.120058,0.052928,0.021246,-0.001740,0.028350,0.027529,-0.070508,0.138398,0.088220,0.143379,0.052603,0.197967,0.081058,0.198710,0.021045,0.023198,0.022201,0.024032,0.005269,-0.003005,0.005273,0.004747,0.000254,0.000591,0.000471,0.001090,0.000071,0.000786,0.000124,0.000786,0.000014,0.000050,0.000015,0.000050
-0.117113,0.011147,0.123836,0.043871,-0.011708,-0.021806,0.037171,0.029547,0.212101,-0.082379,0.212503,0.086995,0.057744,-0.012594,0.067407,0.018161,-0.178656,0.149768,0.181386,0.152994,-0.122854,0.248974,0.139050,0.250077,0.314501,0.206352,0.323033,0.229725,0.093648,0.022722,0.094923,0.034378,-0.026536,0.037745,0.028605,0.039539,-0.059558,0.243362,0.078206,0.243538,0.076544,0.185858,0.098947,0.188764,0.012822,0.008435,0.018339,0.016209,0.000301,-0.000511,0.000315,0.000546,-0.000301,0.000852,0.000437,0.001304,-0.002463,0.001821,0.003341,0.003089,-0.001323,0.001349,0.004807,0.004079
-0.081972,0.005834,0.081973,0.026138,-0.016696,-0.008231,0.018058,0.010175,0.059346,-0.026900,0.059612,0.029054,0.116268,-0.002778,0.117631,0.032402,-0.159530,0.151058,0.159837,0.155482,-0.087456,0.215219,0.093163,0.216573,0.128920,0.220526,0.142542,0.228390,0.073642,0.023492,0.238718,0.170080,-0.026462,0.029390,0.042516,0.055551,-0.034206,0.227657,0.067377,0.230413,0.041624,0.217672,0.081334,0.226354,-0.196496,-0.143837,0.243250,0.235126,0.009342,-0.008169,0.014234,0.015563,0.007356,0.004431,0.007558,0.005474,-0.000794,0.001005,0.001512,0.002318,-0.042585,-0.039047,0.042614,0.052756
-0.063805,-0.043291,0.067759,0.057829,-0.012311,-0.085818,0.028171,0.087920,0.085882,-0.112122,0.086728,0.115015,0.033045,-0.043251,0.107626,0.047249,-0.126454,0.131211,0.126654,0.142688,-0.068776,0.191844,0.073922,0.204960,0.139699,0.184983,0.146411,0.217667,-0.242116,-0.038263,0.465316,0.164227,-0.024766,0.050634,0.024773,0.050857,-0.037535,0.203222,0.044709,0.203357,0.049334,0.186147,0.057506,0.187198,-0.128536,-0.039819,0.162599,0.090915,-0.000188,-0.000097,0.000283,0.000152,0.000297,0.000506,0.000472,0.000625,0.000076,0.000397,0.000111,0.000417,-0.002107,-0.001703,0.002116,0.001734
0.000910,0.000002,0.001403,0.000821,-0.057638,-0.068767,0.060617,0.079184,-0.069819,-0.209405,0.096717,0.217601,0.032733,-0.076376,0.085165,0.104069,0.009146,-0.003084,0.011918,0.003233,-0.345993,-0.026965,0.351757,0.173654,-0.056251,0.052146,0.168494,0.315806,0.189041,0.086867,0.213594,0.177482,0.008197,-0.001664,0.011276,0.006608,-0.106789,0.126705,0.120817,0.135264,0.026677,0.296678,0.085664,0.298481,0.044177,0.085904,0.046686,0.089799,0.002395,-0.000867,0.002774,0.002933,0.000409,0.000805,0.000760,0.001464,0.000061,0.001104,0.000217,0.001186,-0.000686,-0.000960,0.000751,0.001121
0.001148,0.000212,0.002412,0.001161,-0.006769,-0.054035,0.018479,0.055843,0.006917,-0.023783,0.013062,0.031632,-0.000225,0.000826,0.000612,0.001071,-0.028407,-0.001977,0.040458,0.010658,-0.248770,-0.173010,0.409426,0.411391,0.297069,-0.095395,0.333176,0.238026,0.003600,-0.001123,0.009223,0.002418,-0.014228,0.003917,0.016397,0.006499,-0.107602,0.260281,0.182092,0.284889,0.126027,0.141716,0.150091,0.154398,-0.002925,-0.000597,0.008192,0.003758,0.000657,-0.001323,0.000843,0.001427,0.000522,0.000025,0.001441,0.005246,0.000298,0.001578,0.000589,0.002000,-0.000362,0.000158,0.000398,0.000435
-0.014475,0.004164,0.027826,0.012647,-0.003921,-0.013615,0.011538,0.016554,-0.013142,-0.040069,0.034259,0.042064,0.012054,-0.018676,0.041550,0.034795,-0.032082,0.029201,0.053930,0.044901,-0.113969,-0.015359,0.125370,0.182990,0.002596,-0.020406,0.137668,0.273724,0.054848,0.023041,0.069505,0.116939,0.117099,-0.147970,0.139842,0.173111,0.003676,0.035974,0.114834,0.237201,0.017980,0.168167,0.044945,0.205594,-0.002205,0.048048,0.035290,0.083830,0.246391,-0.361896,0.246458,0.362060,0.043758,-0.076632,0.043827,0.079012,-0.000290,0.000454,0.000632,0.001736,-0.008232,-0.006514,0.008272,0.007212
0.006869,0.420039,0.048557,0.424784,-0.023830,0.472904,0.059781,0.478394,-0.020673,0.114323,0.026581,0.115887,-0.044361,0.047057,0.044442,0.047059,-0.002348,0.095898,0.023419,0.122891,0.005128,0.082535,0.027758,0.155467,0.009245,0.007936,0.024758,0.049946,-0.026033,0.009086,0.029490,0.014728,-0.003359,0.010947,0.004290,0.014764,-0.000647,0.025145,0.007025,0.036977,0.004200,0.012749,0.010669,0.024668,-0.011016,0.001228,0.013787,0.004662,0.000013,0.000087,0.000014,0.000087,-0.000077,0.000077,0.000149,0.000080,-0.000207,0.000040,0.000539,0.000078,-0.001868,0.000114,0.001881,0.000157
-0.027613,-0.038950,0.027870,0.042331,-0.090657,-0.142433,0.093831,0.143636,-0.062971,-0.166525,0.100136,0.167479,0.046094,-0.060504,0.086556,0.076481,-0.068791,0.022332,0.093486,0.207895,-0.094795,0.175897,0.125584,0.435566,-0.009346,0.303600,0.058669,0.388398,0.091281,0.165705,0.101435,0.210739,-0.000104,0.057138,0.026871,0.069376,0.006552,0.127742,0.022032,0.130731,0.004498,0.133760,0.012373,0.133835,0.008546,0.066855,0.011451,0.067753,0.001346,0.001041,0.005029,0.001504,0.003831,0.000553,0.003847,0.000565,0.001649,0.000109,0.001661,0.000313,0.000265,-0.000583,0.000369,0.000666
-0.006722,-0.000637,0.007264,0.004018,-0.005255,-0.012077,0.009451,0.012591,0.005300,-0.009624,0.019206,0.015165,-0.000908,0.006000,0.020956,0.012653,-0.016075,0.010711,0.018466,0.016702,-0.023407,0.017310,0.029818,0.039455,0.006161,0.000388,0.053487,0.052502,-0.038436,-0.038610,0.066856,0.054029,0.004282,-0.004074,0.012225,0.014062,-0.007660,0.026352,0.016127,0.036936,-0.112819,-0.093057,0.129763,0.143022,-0.381066,-0.352457,0.384520,0.358154,0.005286,-0.008939,0.007105,0.009977,-0.002332,-0.005585,0.004693,0.007059,-0.031117,-0.040161,0.031254,0.040912,-0.250327,-0.272072,0.250337,0.272167
-0.094625,-0.006110,0.095705,0.029991,-0.051142,-0.030383,0.052185,0.032608,0.041645,-0.024241,0.043759,0.026117,0.090950,0.002627,0.090951,0.028354,-0.046428,0.029170,0.243286,0.161903,-0.113345,0.194160,0.123078,0.199555,0.118691,0.201919,0.126042,0.205215,0.127553,0.093788,0.142775,0.116660,0.253153,-0.216003,0.293366,0.267470,-0.036814,0.180740,0.068928,0.206695,0.040540,0.188121,0.067211,0.189890,-0.003424,-0.000912,0.052058,0.060401,0.059503,-0.070996,0.059508,0.071012,0.001813,-0.002154,0.001959,0.003264,-0.002054,0.001505,0.002165,0.002653,-0.009742,-0.002597,0.010841,0.012148
0.024766,-0.093959,0.042155,0.095691,0.024026,-0.085227,0.032072,0.085228,0.004131,-0.020971,0.007623,0.020988,-0.001753,-0.006756,0.002800,0.007932,-0.032425,-0.029619,0.096002,0.215789,0.112114,-0.182907,0.145667,0.410237,0.141892,-0.194048,0.151458,0.291585,0.020686,-0.056456,0.030833,0.075137,-0.023459,0.171529,0.025890,0.177983,-0.002392,0.300398,0.034427,0.330792,0.044460,0.195610,0.070628,0.308683,0.018532,0.055239,0.038357,0.119180,0.000335,0.000818,0.000529,0.003410,0.000101,0.003825,0.000479,0.005951,-0.000440,0.006631,0.000656,0.006656,-0.001618,0.006270,0.002264,0.006589
0.000101,-0.000234,0.000196,0.000326,-0.006553,-0.016390,0.007234,0.017438,-0.030892,-0.106549,0.044522,0.117079,0.008460,-0.058346,0.043417,0.074574,0.006723,-0.009442,0.012637,0.011005,-0.239539,-0.110108,0.244693,0.222340,-0.108389,-0.129931,0.209395,0.483209,0.158014,0.011818,0.205143,0.225758,0.011340,0.004523,0.018859,0.022312,-0.101557,0.125691,0.118537,0.177643,0.021047,0.302508,0.081133,0.323035,0.047074,0.096783,0.052165,0.107609,0.001021,0.001414,0.001168,0.002132,-0.000054,0.001816,0.000582,0.001910,0.000036,0.001753,0.000478,0.002105,-0.000157,-0.000494,0.000473,0.000803
-0.038631,-0.032038,0.041334,0.037297,-0.007166,-0.055636,0.022517,0.067380,0.046644,-0.044034,0.055268,0.068261,-0.024493,-0.022305,0.074225,0.025273,-0.070151,0.059785,0.070925,0.078424,-0.033683,0.094774,0.045570,0.125477,0.092204,0.075531,0.116347,0.132246,-0.506939,-0.126156,0.586831,0.170056,-0.012618,0.028090,0.012633,0.028472,-0.018402,0.109569,0.025691,0.109808,0.022759,0.088399,0.039187,0.092287,-0.214977,-0.065720,0.227011,0.083711,-0.000353,-0.000249,0.000458,0.000263,0.000634,0.000103,0.000766,0.000519,0.000118,0.000101,0.000213,0.000161,-0.001164,-0.000670,0.001165,0.000674
-0.004614,-0.007188,0.005818,0.008871,0.000752,-0.020623,0.006041,0.025142,-0.005506,-0.010099,0.021267,0.015013,-0.048610,-0.001457,0.050376,0.008684,-0.016872,0.004760,0.017242,0.014544,-0.008211,0.002228,0.023811,0.040656,-0.121579,-0.018141,0.182392,0.043839,-0.565026,-0.062735,0.568354,0.077606,-0.004301,0.008990,0.004665,0.011249,-0.005067,0.033548,0.012055,0.039708,-0.071601,0.005889,0.090481,0.030805,-0.335718,-0.060858,0.336233,0.064020,0.000486,-0.002836,0.000633,0.002890,0.000608,-0.005054,0.000799,0.005557,-0.000834,-0.002064,0.001197,0.002450,-0.005092,-0.002047,0.005405,0.002253
-0.068562,-0.072753,0.096657,0.080221,0.183401,-0.155188,0.243815,0.155796,0.067612,-0.031182,0.067826,0.032293,0.000194,0.000204,0.000195,0.000241,-0.135738,0.121175,0.141581,0.192127,0.185162,0.058482,0.266376,0.268026,0.273474,-0.056017,0.275573,0.125880,0.002870,-0.001180,0.002921,0.001834,-0.037476,0.138540,0.047822,0.145773,-0.006644,0.320707,0.080393,0.331946,0.097463,0.098059,0.119121,0.136649,-0.006616,-0.008749,0.017952,0.012957,0.000096,-0.000372,0.000229,0.001114,-0.000246,0.001752,0.000659,0.004661,-0.003106,0.001670,0.004322,0.007383,-0.008599,-0.005164,0.011499,0.010867
-0.034626,-0.024661,0.042069,0.028091,-0.028965,-0.213819,0.089744,0.220608,0.072915,-0.087959,0.083586,0.099128,0.003068,-0.000636,0.003577,0.001761,-0.188656,-0.003162,0.199227,0.075332,-0.116696,0.015391,0.292850,0.322727,0.357295,0.016414,0.363081,0.147754,0.006449,0.000270,0.010040,0.002161,-0.050931,0.045977,0.052681,0.051753,-0.037495,0.307678,0.105639,0.312228,0.104982,0.117423,0.114140,0.118192,0.000299,0.000676,0.002844,0.001228,0.000328,-0.001134,0.000627,0.001677,0.000504,-0.002990,0.001035,0.007355,0.000117,0.000142,0.000722,0.002406,0.000051,-0.000025,0.000214,0.000160
-0.001331,-0.006613,0.007768,0.009826,0.001611,-0.032294,0.017904,0.035925,0.002565,-0.004236,0.005614,0.008917,-0.001010,0.001857,0.001852,0.001992,-0.119271,-0.025012,0.132399,0.108867,-0.021276,-0.218546,0.318096,0.555194,0.194992,-0.092898,0.207785,0.201360,-0.003232,-0.001620,0.008839,0.007924,-0.038518,0.034241,0.059424,0.067633,-0.034790,0.287213,0.126073,0.366295,0.095643,0.096111,0.114593,0.158132,-0.006908,-0.000809,0.012914,0.013788,0.002669,-0.004438,0.002746,0.004795,0.000423,-0.001526,0.000695,0.004086,-0.002251,-0.005770,0.002667,0.007819,-0.005506,-0.005388,0.005995,0.007845
